name,smiles0,smiles1,log K,ddG,Row Nr,Smirks
tp_513,O/C(=C\c1ccc2ccccc2n1)c1ccccc1,O=C(/C=C1\C=Cc2ccccc2N1)c1ccccc1,2.4,-3.274191746080651,513,[OH:1]/[C:2](/[c:3]1[cH:5][cH:8][cH:12][cH:9][cH:6]1)=[CH:4]\[c:7]1[n:10][c:13]2[cH:16][cH:18][cH:19][cH:17][c:15]2[cH:14][cH:11]1>>[O:1]=[C:2](/[CH:4]=[C:7]1/[NH:10][c:13]([cH:16][cH:18][cH:19][cH:17]2)[c:15]2[CH:14]=[CH:11]1)[c:3]1[cH:5][cH:8][cH:12][cH:9][cH:6]1
tp_1492,O=c1nc2[nH]ncn2c2ccccc12,O=c1[nH]c2nncn2c2ccccc12,1.7,-2.3192191534737945,1492,[O:1]=[C:2]1[N:3]=[C:5]([NH:9][N:13]=[CH:12]2)[N:8]2[c:6]2[c:4]1[cH:7][cH:11][cH:14][cH:10]2>>[O:1]=[C:2]1[NH:3][c:5]2[n:9][n:13][cH:12][n:8]2-[c:6]2[c:4]1[cH:7][cH:11][cH:14][cH:10]2
tp_1666,Nc1nc(O)co1,N=C1NC(=O)CO1,4.0,-5.456986243467752,1666,[NH2:5][c:2]1[n:4][c:6]([OH:7])[cH:3][o:1]1>>[NH:5]=[C:2]([NH:4]1)[O:1][CH2:3][C:6]1=[O:7]
tp_948,Cn1cnc2[nH]cnc2c1=N,Cn1cnc2ncnc-2c1N,2.0,-2.728493121733876,948,[CH3:10][N:6]([CH:3]=[N:1][c:2]1[c:5]2[n:8][cH:7][nH:4]1)[C:9]2=[NH:11]>>[CH3:10][N:6]1[C:9]([NH2:11])=[C:5]2[N:8]=[CH:7][N:4]=[C:2]2[N:1]=[CH:3]1
tp_227,CC1=Nc2ccccc2CC1,CC1=CCc2ccccc2N1,-2.4,3.274191746080651,227,[CH3:7][C:3]([CH2:6][CH2:9]1)=[N:1][c:2]2[c:4]1[cH:8][cH:11][cH:10][cH:5]2>>[CH3:7][C:3]1=[CH:6][CH2:9][c:4]([cH:8][cH:11][cH:10][cH:5]2)[c:2]2[NH:1]1
tp_80,CC(C)C1C(=O)NC(=O)NC1=O,CC(C)c1c(O)[nH]c(=O)[nH]c1=O,-2.5,3.410616402167345,80,[CH3:12][CH:10]([CH3:11])[CH:8]([C:6]([NH:4][C:2]([NH:3]1)=[O:1])=[O:9])[C:5]1=[O:7]>>[CH3:12][CH:10]([CH3:11])[C:8]([C:6]([NH:4][C:2]([NH:3]1)=[O:1])=[O:9])=[C:5]1[OH:7]
tp_866,C/N=N/c1ccccc1O,CN/N=C1/C=CC=CC1=O,0.2,-0.2728493121733876,866,[CH3:10]/[N:8]=[N:5]/[c:3]([cH:6][cH:9][cH:7][cH:4]1)[c:2]1[OH:1]>>[CH3:10][NH:8]/[N:5]=[C:3](/[CH:6]=[CH:9][CH:7]=[CH:4]1)\[C:2]1=[O:1]
tp_507,CC(C)(C)C(=O)Cc1ccc2ccccc2n1,CC(C)(C)C(=O)/C=C1/C=Cc2ccccc2N1,-0.26,0.3547041058254039,507,[CH3:7][C:3]([CH3:6])([CH3:5])[C:2]([CH2:4][c:8]1[n:9][c:11]2[cH:14][cH:16][cH:17][cH:15][c:13]2[cH:12][cH:10]1)=[O:1]>>[CH3:7][C:3]([CH3:6])([CH3:5])[C:2](/[CH:4]=[C:8]1\[NH:9][c:11]([cH:14][cH:16][cH:17][cH:15]2)[c:13]2[CH:12]=[CH:10]1)=[O:1]
tp_1002,Cn1c(=O)c2ncc(O)nc2n(C)c1=O,Cn1c(=O)c2ncc(=O)[nH]c2n(C)c1=O,-0.75,1.0231849206502035,1002,[CH3:8][N:4]([c:7]1[c:10]([C:5]([N:3]2[CH3:6])=[O:9])[n:12][cH:14][c:13]([OH:15])[n:11]1)[C:2]2=[O:1]>>[CH3:6][N:3]([C:5]([C:10]([N:12]=[CH:14][C:13]([NH:11]1)=[O:15])=[C:7]1[N:4]1[CH3:8])=[O:9])[C:2]1=[O:1]
tp_1348,Cc1nccc(O)n1,Cc1nc(=O)cc[nH]1,1.92,-2.6193533968645206,1348,[CH3:8][c:5]1[n:7][cH:6][cH:4][c:2]([OH:1])[n:3]1>>[CH3:8][C:5]([NH:7][CH:6]=[CH:4]1)=[N:3][C:2]1=[O:1]
tp_996,Nc1cccc(O)n1,Nc1cccc(=O)[nH]1,3.3,-4.502013650860895,996,[NH2:7][c:5]1[cH:8][cH:6][cH:4][c:2]([OH:1])[n:3]1>>[NH2:7][C:5]([NH:3]1)=[CH:8][CH:6]=[CH:4][C:2]1=[O:1]
tp_292,CNC#N,CN=C=N,-6.0,8.185479365201628,292,[CH3:4][NH:3][C:2]#[N:1]>>[CH3:4][N:3]=[C:2]=[NH:1]
tp_238,Cc1ccccn1,C=C1C=CC=CN1,-13.0,17.735205291270194,238,[CH3:5][c:2]1[n:1][cH:3][cH:6][cH:7][cH:4]1>>[CH2:5]=[C:2]1[NH:1][CH:3]=[CH:6][CH:7]=[CH:4]1
tp_1670,NC1=NC(=O)CN1,Nc1nc(O)c[nH]1,-5.0,6.82123280433469,1670,[NH2:7][C:5]([NH:6][CH2:4]1)=[N:3][C:2]1=[O:1]>>[NH2:7][c:5]1[n:3][c:2]([OH:1])[cH:4][nH:6]1
tp_1125,Cc1nc(S)sc1C,Cc1[nH]c(=S)sc1C,6.0,-8.185479365201628,1125,[CH3:8][c:6]1[c:3]([CH3:7])[s:1][c:2]([SH:4])[n:5]1>>[CH3:8][C:6]([NH:5]1)=[C:3]([CH3:7])[S:1][C:2]1=[S:4]
tp_31,OC1=CCCCC1,O=C1CCCCC1,6.39,-8.717535523939734,31,[OH:1][C:2]1=[CH:3][CH2:5][CH2:7][CH2:6][CH2:4]1>>[O:1]=[C:2]1[CH2:4][CH2:6][CH2:7][CH2:5][CH2:3]1
tp_1088,Oc1cc(-c2ccccc2)sn1,O=c1cc(-c2ccccc2)s[nH]1,0.5,-0.682123280433469,1088,[OH:7][c:4]1[n:2][s:1][c:3](-[c:5]2[cH:8][cH:10][cH:12][cH:11][cH:9]2)[cH:6]1>>[O:7]=[C:4]1[NH:2][S:1][C:3]([c:5]2[cH:8][cH:10][cH:12][cH:11][cH:9]2)=[CH:6]1
tp_1536,CC(=O)C#N,C=C(O)C#N,-5.3,7.23050677259477,1536,[CH3:4][C:2]([C:3]#[N:5])=[O:1]>>[CH2:4]=[C:2]([C:3]#[N:5])[OH:1]
tp_253,CN1C(=N)Cc2ccccc21,Cn1c(N)cc2ccccc21,-1.4,1.9099451852137133,253,[CH3:6][N:3]([C:2]([CH2:4]1)=[NH:1])[c:5]2[c:7]1[cH:9][cH:11][cH:10][cH:8]2>>[CH3:6][n:3]([c:2]([NH2:1])[cH:4]1)[c:5]2[c:7]1[cH:9][cH:11][cH:10][cH:8]2
tp_1504,Oc1cncnn1,O=c1cncn[nH]1,3.5,-4.774862963034283,1504,[OH:1][c:2]1[n:3][n:5][cH:7][n:6][cH:4]1>>[O:1]=[C:2]1[NH:3][N:5]=[CH:7][N:6]=[CH:4]1
tp_580,Oc1ccncc1Cl,O=c1cc[nH]cc1Cl,3.7,-5.047712275207671,580,[OH:5][c:3]([cH:6][cH:8][n:7][cH:4]1)[c:2]1[Cl:1]>>[O:5]=[C:3]1[C:2]([Cl:1])=[CH:4][NH:7][CH:8]=[CH:6]1
tp_314,O=C1CCOC(=O)C1,O=C1C=C(O)CCO1,1.28,-1.7462355979096809,314,[O:8]=[C:6]([CH2:7][CH2:5][O:3]1)[CH2:4][C:2]1=[O:1]>>[OH:8][C:6]([CH2:7][CH2:5][O:3]1)=[CH:4][C:2]1=[O:1]
tp_1241,Nc1ncn[nH]1,N=c1[nH]cn[nH]1,-6.5,8.867602645635097,1241,[NH2:6][c:4]1[n:5][cH:3][n:1][nH:2]1>>[NH:6]=[C:4]1[NH:2][N:1]=[CH:3][NH:5]1
tp_1366,Cc1nnc(N)[nH]c1=O,Cc1n[nH]c(N)nc1=O,2.34,-3.1923369524286347,1366,[CH3:7][C:4]1=[N:6][N:8]=[C:5]([NH2:9])[NH:3][C:2]1=[O:1]>>[CH3:7][C:4]1=[N:6][NH:8][C:5]([NH2:9])=[N:3][C:2]1=[O:1]
tp_629,Oc1c2ccccc2nc2ccccc12,O=c1c2ccccc2[nH]c2ccccc12,7.8,-10.641123174762116,629,[OH:1][c:2]1[c:4]([cH:8][cH:13][cH:15][cH:12]2)[c:7]2[n:9][c:5]2[cH:10][cH:14][cH:11][cH:6][c:3]12>>[O:1]=[C:2]1[c:3]([cH:6][cH:11][cH:14][cH:10]2)[c:5]2[NH:9][c:7]2[c:4]1[cH:8][cH:13][cH:15][cH:12]2
tp_1001,Oc1cnc2ccccc2n1,O=c1cnc2ccccc2[nH]1,2.7,-3.6834657143407328,1001,[OH:1][c:2]1[n:3][c:5]2[cH:8][cH:10][cH:11][cH:9][c:7]2[n:6][cH:4]1>>[O:1]=[C:2]1[NH:3][c:5]([cH:8][cH:10][cH:11][cH:9]2)[c:7]2[N:6]=[CH:4]1
tp_403,O=C1CCCC2COC(=O)C12,O=C1OCC2CCCC(O)=C12,-1.62,2.21007942860444,403,[O:8]=[C:5]1[O:9][CH2:11][CH:6]([CH2:10][CH2:7][CH2:4]2)[CH:3]1[C:2]2=[O:1]>>[OH:1][C:2]([CH2:4][CH2:7][CH2:10][CH:6]1[CH2:11][O:9]2)=[C:3]1[C:5]2=[O:8]
tp_1453,Nc1ccnc(N)n1,N=c1cc[nH]c(N)n1,-5.6,7.639780740854853,1453,[NH2:6][c:3]1[cH:7][cH:8][n:4][c:2]([NH2:5])[n:1]1>>[NH2:5][C:2]([NH:4][CH:8]=[CH:7]1)=[N:1][C:3]1=[NH:6]
tp_1034,O=c1nc(O)cc[nH]1,O=c1cc[nH]c(=O)[nH]1,4.6,-6.275534179987914,1034,[OH:7][C:5]([CH:8]=[CH:6][NH:4]1)=[N:3][C:2]1=[O:1]>>[O:7]=[C:5]([CH:8]=[CH:6][NH:4]1)[NH:3][C:2]1=[O:1]
tp_1324,NC1=NC2(CCCCC2)C(=O)N1,NC1=NC(=O)C2(CCCCC2)N1,3.3,-4.502013650860895,1324,[NH2:9][C:5]([NH:3]1)=[N:6][C:4]2([CH2:7][CH2:10][CH2:12][CH2:11][CH2:8]2)[C:2]1=[O:1]>>[NH2:9][C:5]([NH:6][C:4]12[CH2:7][CH2:10][CH2:12][CH2:11][CH2:8]2)=[N:3][C:2]1=[O:1]
tp_401,CCOC(=O)CC(C)=O,CCOC(=O)/C=C(/C)O,-1.06,1.4461013545189545,401,[CH3:7][CH2:5][O:3][C:2]([CH2:4][C:6]([CH3:9])=[O:8])=[O:1]>>[CH3:7][CH2:5][O:3][C:2](/[CH:4]=[C:6](/[CH3:9])\[OH:8])=[O:1]
tp_1192,Nc1cc2ccccc2nn1,N=c1cc2ccccc2n[nH]1,-9.0,12.27821904780244,1192,[NH2:5][c:3]1[cH:6][c:7]2[cH:9][cH:11][cH:10][cH:8][c:4]2[n:2][n:1]1>>[NH:5]=[C:3]1[NH:1][N:2]=[C:4]([CH:8]=[CH:10][CH:11]=[CH:9]2)[C:7]2=[CH:6]1
tp_441,c1ccc2n[nH]cc2c1,c1ccc2[nH]ncc2c1,1.7,-2.3192191534737945,441,[cH:4]1[c:5]([cH:7][cH:9][cH:8][cH:6]2)[c:3]2[n:1][nH:2]1>>[cH:4]1[n:2][nH:1][c:3]2[c:5]1[cH:7][cH:9][cH:8][cH:6]2
tp_418,CCOC(=O)CC(=O)C(C)=O,CCOC(=O)/C=C(\O)C(C)=O,2.0,-2.728493121733876,418,[CH3:7][CH2:5][O:3][C:2]([CH2:4][C:6]([C:9]([CH3:11])=[O:10])=[O:8])=[O:1]>>[CH3:7][CH2:5][O:3][C:2](/[CH:4]=[C:6](/[C:9]([CH3:11])=[O:10])\[OH:8])=[O:1]
tp_619,N#Cc1cc(O)c2ccccc2n1,N#Cc1cc(=O)c2ccccc2[nH]1,0.9,-1.2278219047802443,619,[N:13]#[C:11][c:7]1[n:8][c:5]2[cH:9][cH:12][cH:10][cH:6][c:3]2[c:2]([OH:1])[cH:4]1>>[N:13]#[C:11][C:7]([NH:8][c:5]1[c:3]2[cH:6][cH:10][cH:12][cH:9]1)=[CH:4][C:2]2=[O:1]
tp_115,O=C(Cc1ccccc1)c1cccnc1,O/C(=C\c1ccccc1)c1cccnc1,-4.2,5.72983555564114,115,[O:1]=[C:2]([CH2:4][c:7]1[cH:10][cH:13][cH:15][cH:14][cH:11]1)[c:3]1[cH:5][n:8][cH:12][cH:9][cH:6]1>>[OH:1]/[C:2](/[c:3]1[cH:5][n:8][cH:12][cH:9][cH:6]1)=[CH:4]\[c:7]1[cH:10][cH:13][cH:15][cH:14][cH:11]1
tp_45,CC(=O)c1ccccc1,C=C(O)c1ccccc1,-7.97,10.873045090109494,45,[CH3:4][C:2]([c:3]1[cH:5][cH:7][cH:9][cH:8][cH:6]1)=[O:1]>>[CH2:4]=[C:2]([c:3]1[cH:5][cH:7][cH:9][cH:8][cH:6]1)[OH:1]
tp_1189,O=C(Nc1ccc2ccccc2n1)C(Cl)(Cl)Cl,O=C(/N=c1\ccc2ccccc2[nH]1)C(Cl)(Cl)Cl,-0.5,0.6821232804334689,1189,[O:6]=[C:5]([C:2]([Cl:4])([Cl:3])[Cl:1])[NH:7][c:8]1[n:9][c:11]2[cH:14][cH:16][cH:17][cH:15][c:13]2[cH:12][cH:10]1>>[O:6]=[C:5]([C:2]([Cl:4])([Cl:3])[Cl:1])/[N:7]=[C:8]1/[NH:9][c:11]([cH:14][cH:16][cH:17][cH:15]2)[c:13]2[CH:12]=[CH:10]1
tp_616,Oc1c(Cl)cnc2ccccc12,O=c1c(Cl)c[nH]c2ccccc12,4.7,-6.411958836074609,616,[OH:5][c:3]([c:6]1[cH:9][cH:11][cH:12][cH:10][c:8]1[n:7][cH:4]1)[c:2]1[Cl:1]>>[O:5]=[C:3]1[C:2]([Cl:1])=[CH:4][NH:7][c:8]2[c:6]1[cH:9][cH:11][cH:12][cH:10]2
tp_1612,Oc1ncc2ccccc2n1,O=c1nc2ccccc2c[nH]1,2.4,-3.274191746080651,1612,[OH:1][c:2]1[n:3][c:5]2[cH:8][cH:10][cH:11][cH:9][c:7]2[cH:6][n:4]1>>[O:1]=[C:2]1[N:3]=[C:5]([CH:8]=[CH:10][CH:11]=[CH:9]2)[C:7]2=[CH:6][NH:4]1
tp_1227,Nc1nc2ccccc2s1,N=c1[nH]c2ccccc2s1,-4.0,5.456986243467751,1227,[NH2:5][c:2]1[n:4][c:6]([cH:8][cH:10][cH:9][cH:7]2)[c:3]2[s:1]1>>[NH:5]=[C:2]1[S:1][c:3]([cH:7][cH:9][cH:10][cH:8]2)[c:6]2[NH:4]1
tp_1565,O=C1CC=C(c2ccccc2)S1,Oc1ccc(-c2ccccc2)s1,-1.0,1.364246560866938,1565,[O:6]=[C:3]1[S:1][C:2]([c:4]2[cH:8][cH:10][cH:12][cH:11][cH:9]2)=[CH:5][CH2:7]1>>[OH:6][c:3]1[cH:7][cH:5][c:2](-[c:4]2[cH:8][cH:10][cH:12][cH:11][cH:9]2)[s:1]1
tp_1239,Nc1nc(-c2ccccc2)no1,N=c1[nH]c(-c2ccccc2)no1,-6.5,8.867602645635097,1239,[NH2:6][c:3]1[n:5][c:4](-[c:7]2[cH:8][cH:10][cH:12][cH:11][cH:9]2)[n:2][o:1]1>>[NH:6]=[C:3]1[O:1][N:2]=[C:4]([c:7]2[cH:8][cH:10][cH:12][cH:11][cH:9]2)[NH:5]1
tp_1358,Cc1ncc(C#N)c(=O)[nH]1,Cc1nc(=O)c(C#N)c[nH]1,-0.05,0.0682123280433468,1358,[CH3:9][C:5]([NH:3][C:2]1=[O:1])=[N:8][CH:7]=[C:4]1[C:6]#[N:10]>>[CH3:9][C:5]([NH:8][CH:7]=[C:4]1[C:6]#[N:10])=[N:3][C:2]1=[O:1]
tp_1265,CC(=O)Nc1nccs1,CC(=O)/N=c1/[nH]ccs1,-1.0,1.364246560866938,1265,[CH3:9][C:7]([NH:5][c:2]1[n:4][cH:6][cH:3][s:1]1)=[O:8]>>[CH3:9][C:7](/[N:5]=[C:2]1\[S:1][CH:3]=[CH:6][NH:4]1)=[O:8]
tp_840,Sc1cnnc2ccccc12,S=c1cn[nH]c2ccccc12,4.9,-6.684808148247997,840,[SH:1][c:2]1[cH:4][n:7][n:8][c:5]2[cH:9][cH:11][cH:10][cH:6][c:3]12>>[S:1]=[C:2]1[c:3]([cH:6][cH:10][cH:11][cH:9]2)[c:5]2[NH:8][N:7]=[CH:4]1
tp_1671,CSc1ncc(O)[nH]1,CSC1=NC(=O)CN1,1.0,-1.364246560866938,1671,[CH3:3][S:1][c:2]([nH:5]1)[n:4][cH:6][c:7]1[OH:8]>>[CH3:3][S:1][C:2]([NH:4][CH2:6]1)=[N:5][C:7]1=[O:8]
tp_582,Oc1ccncc1Br,O=c1cc[nH]cc1Br,3.7,-5.047712275207671,582,[OH:5][c:3]([cH:6][cH:8][n:7][cH:4]1)[c:2]1[Br:1]>>[O:5]=[C:3]1[C:2]([Br:1])=[CH:4][NH:7][CH:8]=[CH:6]1
tp_121,O=C(Cc1ccccn1)c1ccccc1,O/C(=C\c1ccccn1)c1ccccc1,-1.97,2.687565724907868,121,[O:1]=[C:2]([CH2:4][c:7]1[n:10][cH:13][cH:15][cH:14][cH:11]1)[c:3]1[cH:5][cH:8][cH:12][cH:9][cH:6]1>>[OH:1]/[C:2](/[c:3]1[cH:5][cH:8][cH:12][cH:9][cH:6]1)=[CH:4]\[c:7]1[n:10][cH:13][cH:15][cH:14][cH:11]1
tp_560,Oc1ccnc(-c2ccccc2)c1,O=c1cc[nH]c(-c2ccccc2)c1,2.9,-3.95631502651412,560,[OH:1][c:2]1[cH:3][c:5](-[c:8]2[cH:9][cH:11][cH:13][cH:12][cH:10]2)[n:7][cH:6][cH:4]1>>[O:1]=[C:2]1[CH:3]=[C:5]([c:8]2[cH:9][cH:11][cH:13][cH:12][cH:10]2)[NH:7][CH:6]=[CH:4]1
tp_623,Oc1cc(F)nc2ccccc12,O=c1cc(F)[nH]c2ccccc12,0.4,-0.5456986243467752,623,[OH:9][c:6]1[cH:4][c:2]([F:1])[n:3][c:5]2[cH:8][cH:11][cH:12][cH:10][c:7]12>>[O:9]=[C:6]1[c:7]([cH:10][cH:12][cH:11][cH:8]2)[c:5]2[NH:3][C:2]([F:1])=[CH:4]1
tp_984,Cc1cccc(O)n1,Cc1cccc(=O)[nH]1,3.6,-4.911287619120976,984,[CH3:8][c:5]1[cH:7][cH:6][cH:4][c:2]([OH:1])[n:3]1>>[CH3:8][C:5]([NH:3]1)=[CH:7][CH:6]=[CH:4][C:2]1=[O:1]
tp_1657,c1nnc2[nH]nnn12,c1n[nH]c2nnnn12,1.9,-2.592068465647182,1657,[cH:6]1[n:8][n:7][c:5]2[n:3]1[n:1][n:2][nH:4]2>>[cH:6]1[n:8][nH:7][c:5]2[n:4][n:2][n:1][n:3]12
tp_552,Cc1cc(O)cc(C)n1,Cc1cc(=O)cc(C)[nH]1,4.2,-5.72983555564114,552,[CH3:9][c:6]1[cH:4][c:2]([OH:1])[cH:3][c:5]([CH3:8])[n:7]1>>[CH3:9][C:6]([NH:7][C:5]([CH3:8])=[CH:3]1)=[CH:4][C:2]1=[O:1]
tp_106,CC(=O)C(C)(C)C,C=C(O)C(C)(C)C,-8.76,11.950799873194375,106,[CH3:7][C:3]([CH3:6])([CH3:5])[C:2]([CH3:4])=[O:1]>>[CH3:7][C:3]([CH3:6])([CH3:5])[C:2]([OH:1])=[CH2:4]
tp_1537,O=C1C=CC=CC1,O=C1C=CCC=C1,2.0,-2.728493121733876,1537,[O:1]=[C:2]1[CH:3]=[CH:5][CH:7]=[CH:6][CH2:4]1>>[O:1]=[C:2]1[CH:3]=[CH:5][CH2:7][CH:6]=[CH:4]1
tp_1486,Nc1ncns1,N=c1[nH]cns1,-5.7,7.776205396941547,1486,[NH2:6][c:3]1[n:5][cH:4][n:2][s:1]1>>[NH:6]=[C:3]1[S:1][N:2]=[CH:4][NH:5]1
tp_1378,O=c1c2ccccc2nc2[nH]ccn12,O=c1c2ccccc2[nH]c2nccn12,-1.6,2.1827944973871007,1378,[O:1]=[C:2]1[N:3]([CH:6]=[CH:11][NH:10]2)[C:5]2=[N:9][c:7]2[c:4]1[cH:8][cH:13][cH:14][cH:12]2>>[O:1]=[C:2]([c:4]([cH:8][cH:13][cH:14][cH:12]1)[c:7]1[NH:9]1)[n:3]2[c:5]1[n:10][cH:11][cH:6]2
tp_767,CC(C(=O)O)c1nc(-c2ccccc2)cs1,C/C(C(=O)O)=C1/NC(c2ccccc2)=CS1,-5.0,6.82123280433469,767,[CH3:8][CH:5]([C:7]([OH:11])=[O:10])[c:2]1[n:4][c:6](-[c:9]2[cH:12][cH:14][cH:16][cH:15][cH:13]2)[cH:3][s:1]1>>[CH3:8]/[C:5](/[C:7]([OH:11])=[O:10])=[C:2]1\[S:1][CH:3]=[C:6]([c:9]2[cH:12][cH:14][cH:16][cH:15][cH:13]2)[NH:4]1
tp_1114,Sc1ccc2ccccc2n1,S=c1ccc2ccccc2[nH]1,5.1,-6.957657460421383,1114,[SH:1][c:2]1[n:3][c:5]2[cH:8][cH:10][cH:11][cH:9][c:7]2[cH:6][cH:4]1>>[S:1]=[C:2]1[NH:3][c:5]([cH:8][cH:10][cH:11][cH:9]2)[c:7]2[CH:6]=[CH:4]1
tp_1323,CSC1=NC2(CCCCC2)C(=O)N1,CSC1=NC(=O)C2(CCCCC2)N1,1.0,-1.364246560866938,1323,[CH3:3][S:1][C:2]([NH:5]1)=[N:4][C:6]2([CH2:8][CH2:11][CH2:13][CH2:12][CH2:9]2)[C:7]1=[O:10]>>[CH3:3][S:1][C:2]([NH:4][C:6]12[CH2:8][CH2:11][CH2:13][CH2:12][CH2:9]2)=[N:5][C:7]1=[O:10]
tp_980,OC1=NC=CC1,O=C1CC=CN1,4.9,-6.684808148247997,980,[OH:1][C:2]1=[N:3][CH:5]=[CH:6][CH2:4]1>>[O:1]=[C:2]1[NH:3][CH:5]=[CH:6][CH2:4]1
tp_974,OC1=NCCCC1,O=C1CCCCN1,7.6,-10.368273862588728,974,[OH:1][C:2]1=[N:3][CH2:5][CH2:7][CH2:6][CH2:4]1>>[O:1]=[C:2]1[NH:3][CH2:5][CH2:7][CH2:6][CH2:4]1
tp_1345,CCOC(=O)c1cnc(C)nc1O,CCOC(=O)c1cnc(C)[nH]c1=O,1.37,-1.8690177883877053,1345,[CH3:8][CH2:5][O:3][C:2]([c:4]([cH:7][n:11][c:12]([CH3:13])[n:10]1)[c:6]1[OH:9])=[O:1]>>[CH3:8][CH2:5][O:3][C:2]([C:4]1=[CH:7][N:11]=[C:12]([CH3:13])[NH:10][C:6]1=[O:9])=[O:1]
tp_36,CC(=O)C1=C(O)CCCC1,CC(=O)C1CCCCC1=O,0.49,-0.6684808148247996,36,[CH3:4][C:2]([C:3]([CH2:6][CH2:9][CH2:10][CH2:8]1)=[C:5]1[OH:7])=[O:1]>>[CH3:4][C:2]([CH:3]([CH2:6][CH2:9][CH2:10][CH2:8]1)[C:5]1=[O:7])=[O:1]
tp_1522,OC1=NOCCC1,O=C1CCCON1,2.7,-3.6834657143407328,1522,[OH:6][C:4]1=[N:2][O:1][CH2:3][CH2:5][CH2:7]1>>[O:6]=[C:4]1[NH:2][O:1][CH2:3][CH2:5][CH2:7]1
tp_1616,Oc1ncnc2ccccc12,O=c1nc[nH]c2ccccc12,4.1,-5.593410899554446,1616,[OH:1][c:2]1[n:3][cH:5][n:8][c:6]2[cH:9][cH:11][cH:10][cH:7][c:4]12>>[O:1]=[C:2]1[N:3]=[CH:5][NH:8][c:6]2[c:4]1[cH:7][cH:10][cH:11][cH:9]2
tp_600,COC(=O)c1cnc2ccccc2c1O,COC(=O)c1c[nH]c2ccccc2c1=O,4.6,-6.275534179987914,600,[CH3:5][O:3][C:2]([c:4]([cH:7][n:10][c:11]1[cH:13][cH:15][cH:14][cH:12][c:9]11)[c:6]1[OH:8])=[O:1]>>[CH3:5][O:3][C:2]([C:4]1=[CH:7][NH:10][c:11]([cH:13][cH:15][cH:14][cH:12]2)[c:9]2[C:6]1=[O:8])=[O:1]
tp_789,C/N=C/c1c(O)ccc2ccccc12,CN/C=C1\C(=O)C=Cc2ccccc21,1.86,-2.5374986032125046,789,[CH3:13]/[N:10]=[CH:6]/[c:3]([c:5]1[cH:9][cH:12][cH:14][cH:11][c:8]1[cH:7][cH:4]1)[c:2]1[OH:1]>>[CH3:13][NH:10]/[CH:6]=[C:3](/[c:5]([cH:9][cH:12][cH:14][cH:11]1)[c:8]1[CH:7]=[CH:4]1)\[C:2]1=[O:1]
tp_1385,Nc1ncc[nH]1,N=c1[nH]cc[nH]1,-3.1,4.229164338687508,1385,[NH2:5][c:2]1[n:1][cH:3][cH:6][nH:4]1>>[NH:5]=[C:2]1[NH:1][CH:3]=[CH:6][NH:4]1
tp_1060,Cc1cc(O)[nH]n1,Cc1cc(O)n[nH]1,1.2,-1.6370958730403256,1060,[CH3:7][c:6]1[n:5][nH:3][c:2]([OH:1])[cH:4]1>>[CH3:7][c:6]1[cH:4][c:2]([OH:1])[n:3][nH:5]1
tp_1510,Oc1ccn(-c2ccccc2)n1,O=c1ccn(-c2ccccc2)[nH]1,-1.0,1.364246560866938,1510,[OH:1][c:2]([cH:4][cH:6]1)[n:3][n:5]1-[c:7]1[cH:8][cH:10][cH:12][cH:11][cH:9]1>>[O:1]=[C:2]([CH:4]=[CH:6]1)[NH:3][N:5]1[c:7]1[cH:8][cH:10][cH:12][cH:11][cH:9]1
tp_109,O=C1CCCC1,OC1=CCCC1,-8.24,11.241391661543569,109,[O:1]=[C:2]1[CH2:3][CH2:5][CH2:6][CH2:4]1>>[OH:1][C:2]1=[CH:4][CH2:6][CH2:5][CH2:3]1
tp_1149,Cc1cc(S)n(-c2ccccc2)n1,Cc1cc(=S)n(-c2ccccc2)[nH]1,1.6,-2.1827944973871007,1149,[CH3:10][c:7]([cH:4][c:2]1[SH:1])[n:5][n:3]1-[c:6]1[cH:8][cH:11][cH:13][cH:12][cH:9]1>>[CH3:10][C:7]([NH:5][N:3]1[c:6]2[cH:8][cH:11][cH:13][cH:12][cH:9]2)=[CH:4][C:2]1=[S:1]
tp_184,CN1CC(=O)c2ccccc21,Cn1cc(O)c2ccccc21,-0.52,0.7094082116508078,184,[CH3:10][N:7]([CH2:4]1)[c:5]([cH:8][cH:11][cH:9][cH:6]2)[c:3]2[C:2]1=[O:1]>>[CH3:10][n:7]1[c:5]([cH:8][cH:11][cH:9][cH:6]2)[c:3]2[c:2]([OH:1])[cH:4]1
tp_1381,Nc1nnc[nH]1,N=c1[nH]cn[nH]1,-5.5,7.50335608476816,1381,[NH2:6][c:3]1[n:1][n:2][cH:4][nH:5]1>>[NH:6]=[C:3]1[NH:1][N:2]=[CH:4][NH:5]1
tp_53,O=CC(c1ccccc1)c1ccccc1,OC=C(c1ccccc1)c1ccccc1,0.98,-1.3369616296495992,53,[O:1]=[CH:2][CH:3]([c:5]1[cH:8][cH:12][cH:15][cH:13][cH:9]1)[c:4]1[cH:6][cH:10][cH:14][cH:11][cH:7]1>>[OH:1][CH:2]=[C:3]([c:5]1[cH:8][cH:12][cH:15][cH:13][cH:9]1)[c:4]1[cH:6][cH:10][cH:14][cH:11][cH:7]1
tp_313,O=C1CCOC(=O)C1,O=C1C=C(O)OCC1,-2.35,3.205979418037304,313,[O:8]=[C:6]([CH2:7][CH2:5][O:3]1)[CH2:4][C:2]1=[O:1]>>[OH:1][C:2]([O:3][CH2:5][CH2:7]1)=[CH:4][C:6]1=[O:8]
tp_1659,O=C1CCN2N=CNC2=N1,O=C1CCn2ncnc2N1,3.5,-4.774862963034283,1659,[O:1]=[C:2]([CH2:4][CH2:6]1)[N:3]=[C:5]2[N:7]1[N:9]=[CH:10][NH:8]2>>[O:1]=[C:2]1[NH:3][c:5]2[n:8][cH:10][n:9][n:7]2[CH2:6][CH2:4]1
tp_1102,O=c1[nH]nc(O)c2ccccc12,O=c1[nH][nH]c(=O)c2ccccc12,1.0,-1.364246560866938,1102,[OH:11][C:8]([c:6]1[c:4]2[cH:7][cH:10][cH:12][cH:9]1)=[N:5][NH:3][C:2]2=[O:1]>>[O:1]=[C:2]([c:4]1[c:6]2[cH:9][cH:12][cH:10][cH:7]1)[NH:3][NH:5][C:8]2=[O:11]
tp_515,O/C(=C\c1ccncc1)c1ccccc1,O=C(/C=C1\C=CN=CC1)c1ccccc1,2.0,-2.728493121733876,515,[OH:1]/[C:2](/[c:3]1[cH:5][cH:8][cH:12][cH:9][cH:6]1)=[CH:4]\[c:7]1[cH:10][cH:13][n:15][cH:14][cH:11]1>>[O:1]=[C:2](/[CH:4]=[C:7]1\[CH:11]=[CH:14][N:15]=[CH:13][CH2:10]1)[c:3]1[cH:5][cH:8][cH:12][cH:9][cH:6]1
tp_1056,CC1=NNC(=O)C1,Cc1cc(O)[nH]n1,0.0,-0.0,1056,[CH3:7][C:6]([CH2:4]1)=[N:5][NH:3][C:2]1=[O:1]>>[CH3:7][c:6]1[n:5][nH:3][c:2]([OH:1])[cH:4]1
tp_1250,CC(=O)NC(=N)N,CC(=O)N=C(N)N,3.1,-4.229164338687508,1250,[CH3:4][C:2]([NH:3][C:5]([NH2:7])=[NH:6])=[O:1]>>[CH3:4][C:2]([N:3]=[C:5]([NH2:6])[NH2:7])=[O:1]
tp_649,CCOC(=O)Cc1ccccn1,CCOC(=O)/C=C1\C=CC=CN1,-6.4,8.731177989548403,649,[CH3:7][CH2:5][O:3][C:2]([CH2:4][c:6]1[n:8][cH:10][cH:12][cH:11][cH:9]1)=[O:1]>>[CH3:7][CH2:5][O:3][C:2](/[CH:4]=[C:6]1/[NH:8][CH:10]=[CH:12][CH:11]=[CH:9]1)=[O:1]
tp_1496,O=c1ccnc2[nH]nnn12,O=c1cc[nH]c2nnnn12,0.8,-1.0913972486935504,1496,[O:1]=[C:2]1[N:3]2[N:5]=[N:8][NH:10][C:6]2=[N:9][CH:7]=[CH:4]1>>[O:1]=[C:2]1[n:3]2[n:5][n:8][n:10][c:6]2[NH:9][CH:7]=[CH:4]1
tp_1598,O=C1N=C(c2ccccc2)NC1c1ccccc1,Oc1nc(-c2ccccc2)[nH]c1-c1ccccc1,0.7,-0.9549725926068564,1598,[O:1]=[C:2]1[N:3]=[C:5]([c:8]2[cH:11][cH:15][cH:18][cH:16][cH:12]2)[NH:6][CH:4]1[c:7]1[cH:9][cH:13][cH:17][cH:14][cH:10]1>>[OH:1][c:2]1[c:4](-[c:7]2[cH:9][cH:13][cH:17][cH:14][cH:10]2)[nH:6][c:5](-[c:8]2[cH:11][cH:15][cH:18][cH:16][cH:12]2)[n:3]1
tp_1082,Cn1cc/c(=N\N)[nH]c1=O,Cn1ccc(NN)nc1=O,1.5,-2.046369841300407,1082,[CH3:6][N:3]([CH:5]=[CH:8]/[C:7](/[NH:4]1)=[N:9]\[NH2:10])[C:2]1=[O:1]>>[CH3:6][N:3]([CH:5]=[CH:8][C:7]([NH:9][NH2:10])=[N:4]1)[C:2]1=[O:1]
tp_985,COc1cccc(O)n1,COc1cccc(=O)[nH]1,1.46,-1.9917999788657292,985,[CH3:3][O:1][c:2]1[n:4][c:6]([OH:8])[cH:9][cH:7][cH:5]1>>[CH3:3][O:1][C:2]([NH:4]1)=[CH:5][CH:7]=[CH:9][C:6]1=[O:8]
tp_1660,O=c1nccc2[nH]nnn12,O=c1[nH]ccc2nnnn12,6.0,-8.185479365201628,1660,[O:1]=[C:2]1[N:3]=[CH:5][CH:8]=[C:7]2[N:4]1[N:6]=[N:9][NH:10]2>>[O:1]=[C:2]1[n:4]2[n:6][n:9][n:10][c:7]2[CH:8]=[CH:5][NH:3]1
tp_201,CC(=S)c1c(C)cc(C)cc1C,C=C(S)c1c(C)cc(C)cc1C,-0.94,1.2823917672149217,201,[CH3:4][C:2]([c:3]1[c:5]([CH3:8])[cH:7][c:11]([CH3:12])[cH:9][c:6]1[CH3:10])=[S:1]>>[CH3:12][c:11]1[cH:7][c:5]([CH3:8])[c:3]([C:2]([SH:1])=[CH2:4])[c:6]([CH3:10])[cH:9]1
tp_82,O=C1NC(=O)C(Cl)C(=O)N1,O=c1[nH]c(O)c(Cl)c(=O)[nH]1,-0.76,1.0368273862588728,82,[O:7]=[C:4]([CH:2]([C:3]([NH:6]1)=[O:5])[Cl:1])[NH:8][C:9]1=[O:10]>>[OH:5][C:3]([NH:6][C:9]([NH:8][C:4]1=[O:7])=[O:10])=[C:2]1[Cl:1]
tp_48,CC(=O)C(C)C,CC(C)=C(C)O,-7.33,9.999927291154656,48,[CH3:6][CH:3]([CH3:5])[C:2]([CH3:4])=[O:1]>>[CH3:6][C:3]([CH3:5])=[C:2]([CH3:4])[OH:1]
tp_1057,CC1=NNC(=O)C1,Cc1cc(=O)[nH][nH]1,2.1,-2.86491777782057,1057,[CH3:7][C:6]([CH2:4]1)=[N:5][NH:3][C:2]1=[O:1]>>[CH3:7][C:6]([NH:5][NH:3]1)=[CH:4][C:2]1=[O:1]
tp_176,O=C1Cc2ccccc2N1,Oc1cc2ccccc2[nH]1,-6.5,8.867602645635097,176,[O:1]=[C:2]([CH2:4]1)[NH:3][c:5]2[c:6]1[cH:8][cH:10][cH:9][cH:7]2>>[OH:1][c:2]1[cH:4][c:6]([cH:8][cH:10][cH:9][cH:7]2)[c:5]2[nH:3]1
tp_68,O=C(c1ccccc1)C1c2ccccc2-c2ccccc21,OC(=C1c2ccccc2-c2ccccc21)c1ccccc1,-1.91,2.6057109312558517,68,[O:1]=[C:2]([CH:4]1[c:7]([cH:12][cH:17][cH:20][cH:16]2)[c:11]2-[c:13]2[c:8]1[cH:14][cH:19][cH:21][cH:18]2)[c:3]1[cH:5][cH:9][cH:15][cH:10][cH:6]1>>[OH:1][C:2]([c:3]1[cH:5]c[cH:9][cH:15][cH:10]1)=[C:4]1[c:7]([cH:12][cH:17][cH:20][cH:16]2)[c:11]2-[c:13]2[c:8]1[cH:14][cH:19][cH:21][cH:18]2
tp_1558,O=S(=O)(Cc1ccccn1)C(F)(F)F,O=S(=O)(/C=C1\C=CC=CN1)C(F)(F)F,-2.6,3.547041058254039,1558,[O:3]=[S:1]([CH2:5][c:9]1[n:10][cH:12][cH:14][cH:13][cH:11]1)([C:4]([F:8])([F:7])[F:6])=[O:2]>>[O:3]=[S:1]([C:4]([F:8])([F:7])[F:6])(/[CH:5]=[C:9]1/[NH:10][CH:12]=[CH:14][CH:13]=[CH:11]1)=[O:2]
tp_1238,c1ccc(Nc2nnc(-c3ccccc3)s2)cc1,c1ccc(/N=c2/[nH]nc(-c3ccccc3)s2)cc1,-2.9,3.95631502651412,1238,[cH:17]([cH:14][cH:10]1)[cH:13][cH:9][c:7]1-[c:3]1[n:6][n:4][c:2]([NH:5][c:8]2[cH:11][cH:15][cH:18][cH:16][cH:12]2)[s:1]1>>[cH:17]([cH:14][cH:10]1)[cH:13][cH:9][c:7]1[C:3]([S:1]1)=[N:6][NH:4]/[C:2]1=[N:5]/[c:8]1[cH:11][cH:15][cH:18][cH:16][cH:12]1
tp_1534,C/N=C(\O)c1ccccc1,CNC(=O)c1ccccc1,8.6,-11.732520423455666,1534,[CH3:5]/[N:3]=[C:2](/[c:4]1[cH:6][cH:8][cH:10][cH:9][cH:7]1)\[OH:1]>>[CH3:5][NH:3][C:2]([c:4]1[cH:6][cH:8][cH:10][cH:9][cH:7]1)=[O:1]
tp_992,Oc1cccc(Cl)n1,O=c1cccc(Cl)[nH]1,1.05,-1.432458888910285,992,[OH:7][c:5]1[cH:8][cH:6][cH:4][c:2]([Cl:1])[n:3]1>>[O:7]=[C:5]1[NH:3][C:2]([Cl:1])=[CH:4][CH:6]=[CH:8]1
tp_595,Oc1cc(-c2ccccc2)nc2ccccc12,O=c1cc(-c2ccccc2)[nH]c2ccccc12,3.9,-5.320561587381058,595,[OH:1][c:2]1[cH:4][c:7](-[c:11]2[cH:13][cH:15][cH:17][cH:16][cH:14]2)[n:8][c:5]2[cH:9][cH:12][cH:10][cH:6][c:3]12>>[O:1]=[C:2]1[c:3]([cH:6][cH:10][cH:12][cH:9]2)[c:5]2[NH:8][C:7]([c:11]2[cH:13][cH:15][cH:17][cH:16][cH:14]2)=[CH:4]1
tp_1543,O=C1CCCCO1,OC1=CCCCO1,-14.5,19.7815751325706,1543,[O:1]=[C:2]1[O:3][CH2:5][CH2:7][CH2:6][CH2:4]1>>[OH:1][C:2]1=[CH:4][CH2:6][CH2:7][CH2:5][O:3]1
tp_1414,Nc1ccnc(=O)[nH]1,N=c1cc[nH]c(=O)[nH]1,-1.5,2.046369841300407,1414,[NH2:8][C:6]([NH:4]1)=[CH:7][CH:5]=[N:3][C:2]1=[O:1]>>[NH:8]=[C:6]([CH:7]=[CH:5][NH:3]1)[NH:4][C:2]1=[O:1]
tp_514,O=C(Cc1ccncc1)c1ccccc1,O=C(/C=C1\C=CN=CC1)c1ccccc1,-2.42,3.3014766772979898,514,[O:1]=[C:2]([CH2:4][c:7]1[cH:10][cH:13][n:15][cH:14][cH:11]1)[c:3]1[cH:5][cH:8][cH:12][cH:9][cH:6]1>>[O:1]=[C:2](/[CH:4]=[C:7]1\[CH:11]=[CH:14][N:15]=[CH:13][CH2:10]1)[c:3]1[cH:5][cH:8][cH:12][cH:9][cH:6]1
tp_559,Cc1cnccc1O,Cc1c[nH]ccc1=O,4.2,-5.72983555564114,559,[CH3:6][c:3]([cH:5][n:8][cH:7][cH:4]1)[c:2]1[OH:1]>>[CH3:6][C:3]1=[CH:5][NH:8][CH:7]=[CH:4][C:2]1=[O:1]
tp_1502,Oc1nccnn1,O=c1nccn[nH]1,5.1,-6.957657460421383,1502,[OH:1][c:2]1[n:3][n:5][cH:7][cH:6][n:4]1>>[O:1]=[C:2]1[N:4]=[CH:6][CH:7]=[N:5][NH:3]1
tp_1600,CC1=NC(=O)C(C)N1,Cc1nc(O)c(C)[nH]1,-1.4,1.9099451852137133,1600,[CH3:7][CH:4]1[NH:6][C:5]([CH3:8])=[N:3][C:2]1=[O:1]>>[CH3:7][c:4]([nH:6][c:5]([CH3:8])[n:3]1)[c:2]1[OH:1]
tp_1351,CCOC(=O)c1cnc(C)nc1O,CCOC(=O)c1c[nH]c(C)nc1=O,1.25,-1.7053082010836724,1351,[CH3:8][CH2:5][O:3][C:2]([c:4]([cH:7][n:11][c:12]([CH3:13])[n:10]1)[c:6]1[OH:9])=[O:1]>>[CH3:8][CH2:5][O:3][C:2]([C:4]1=[CH:7][NH:11][C:12]([CH3:13])=[N:10][C:6]1=[O:9])=[O:1]
tp_525,CC1=Nc2ccncc2NC(=O)C1,CC1=CC(=O)Nc2cnccc2N1,0.9,-1.2278219047802443,525,[CH3:10][C:6]([CH2:4]1)=[N:9][c:7]([cH:11][cH:13][n:12][cH:8]2)[c:5]2[NH:3][C:2]1=[O:1]>>[CH3:10][C:6]([NH:9][c:7]([cH:11][cH:13][n:12][cH:8]1)[c:5]1[NH:3]1)=[CH:4][C:2]1=[O:1]
tp_1221,Nc1nccs1,N=c1[nH]ccs1,-4.5,6.1391095239012206,1221,[NH2:5][c:2]1[n:4][cH:6][cH:3][s:1]1>>[NH:5]=[C:2]1[S:1][CH:3]=[CH:6][NH:4]1
tp_160,O=C1c2ccccc2Cc2ccccc21,Oc1c2ccccc2cc2ccccc12,-2.1,2.86491777782057,160,[O:1]=[C:2]([c:4]1[c:7]([CH2:10]2)[cH:12][cH:15][cH:13][cH:8]1)[c:3]1[c:5]2[cH:9][cH:14][cH:11][cH:6]1>>[OH:1][c:2]1[c:4]([cH:8][cH:13][cH:15][cH:12]2)[c:7]2[cH:10][c:5]2[cH:9][cH:14][cH:11][cH:6][c:3]12
tp_811,Oc1c(/N=N/c2ccccc2)ccc2ccccc12,O=C1/C(=N/Nc2ccccc2)C=Cc2ccccc21,0.51,-0.6957657460421384,811,[OH:1][c:2]([c:4]1[cH:8][cH:12][cH:14][cH:11][c:7]1[cH:10][cH:6]1)[c:3]1/[N:5]=[N:9]/[c:13]1[cH:15][cH:17][cH:19][cH:18][cH:16]1>>[O:1]=[C:2]([c:4]([cH:8][cH:12][cH:14][cH:11]1)[c:7]1[CH:10]=[CH:6]1)/[C:3]1=[N:5]/[NH:9][c:13]1[cH:15][cH:17][cH:19][cH:18][cH:16]1
tp_1190,Nc1nccc2ccccc12,N=c1[nH]ccc2ccccc12,-4.1,5.593410899554446,1190,[NH2:4][c:2]1[n:1][cH:3][cH:6][c:7]2[cH:9][cH:11][cH:10][cH:8][c:5]12>>[NH:4]=[C:2]1[NH:1][CH:3]=[CH:6][c:7]2[c:5]1[cH:8][cH:10][cH:11][cH:9]2
tp_120,O=C(Cc1ccncc1)c1ccccc1,O/C(=C\c1ccncc1)c1ccccc1,-4.37,5.96175747098852,120,[O:1]=[C:2]([CH2:4][c:7]1[cH:10][cH:13][n:15][cH:14][cH:11]1)[c:3]1[cH:5][cH:8][cH:12][cH:9][cH:6]1>>[OH:1]/[C:2](/[c:3]1[cH:5][cH:8][cH:12][cH:9][cH:6]1)=[CH:4]\[c:7]1[cH:10][cH:13][n:15][cH:14][cH:11]1
tp_1494,O=c1nc2[nH]nnn2c2ccccc12,O=c1[nH]c2nnnn2c2ccccc12,3.6,-4.911287619120976,1494,[O:1]=[C:2]([c:4]1[c:6]2[cH:10][cH:14][cH:11][cH:7]1)[N:3]=[C:5]1[N:8]2[N:12]=[N:13][NH:9]1>>[O:1]=[C:2]1[NH:3][c:5]2[n:9][n:13][n:12][n:8]2-[c:6]2[c:4]1[cH:7][cH:11][cH:14][cH:10]2
tp_1454,CN(C)c1nccc(N)n1,CN(C)c1nc(=N)cc[nH]1,-5.9,8.049054709114934,1454,[CH3:10][N:5]([CH3:9])[c:2]1[n:1][c:3]([NH2:6])[cH:7][cH:8][n:4]1>>[CH3:10][N:5]([CH3:9])[C:2]([NH:4][CH:8]=[CH:7]1)=[N:1][C:3]1=[NH:6]
tp_609,CC(=O)Oc1cc(O)c2ccccc2n1,CC(=O)Oc1cc(=O)c2ccccc2[nH]1,1.9,-2.592068465647182,609,[CH3:4][C:2]([O:3][c:5]1[n:6][c:8]2[cH:11][cH:14][cH:15][cH:13][c:10]2[c:9]([OH:12])[cH:7]1)=[O:1]>>[CH3:4][C:2]([O:3][C:5]([NH:6][c:8]1[c:10]2[cH:13][cH:15][cH:14][cH:11]1)=[CH:7][C:9]2=[O:12])=[O:1]
tp_110,COc1ccc(C(C)=O)cc1,C=C(O)c1ccc(OC)cc1,-8.8,12.005369735629056,110,[CH3:4][C:2]([c:3]([cH:6][cH:8]1)[cH:5][cH:7][c:9]1[O:10][CH3:11])=[O:1]>>[CH3:11][O:10][c:9]([cH:8][cH:6]1)[cH:7][cH:5][c:3]1[C:2]([OH:1])=[CH2:4]
tp_37,CC(=O)C1=C(O)CCC1,C/C(O)=C1\CCCC1=O,0.6,-0.8185479365201628,37,[CH3:4][C:2]([C:3]([CH2:6][CH2:9][CH2:8]1)=[C:5]1[OH:7])=[O:1]>>[CH3:4]/[C:2](/[OH:1])=[C:3](\[CH2:6][CH2:9][CH2:8]1)/[C:5]1=[O:7]
tp_1110,Sc1cccc(Cl)n1,S=c1cccc(Cl)[nH]1,0.76,-1.0368273862588728,1110,[SH:7][c:5]1[cH:8][cH:6][cH:4][c:2]([Cl:1])[n:3]1>>[S:7]=[C:5]1[NH:3][C:2]([Cl:1])=[CH:4][CH:6]=[CH:8]1
tp_204,COC(=S)C1c2ccccc2-c2ccccc21,COC(S)=C1c2ccccc2-c2ccccc21,-5.8,7.91263005302824,204,[CH3:5][O:3][C:2]([CH:4]1[c:6]([cH:9][cH:13][cH:16][cH:12]2)[c:8]2-[c:10]2[c:7]1[cH:11][cH:15][cH:17][cH:14]2)=[S:1]>>[CH3:5][O:3][C:2]([SH:1])=[C:4]1[c:6]([cH:9][cH:13][cH:16][cH:12]2)[c:8]2-[c:10]2[c:7]1[cH:11][cH:15][cH:17][cH:14]2
tp_895,CCOC(=O)c1c(-c2ccccc2)nc2ccccc2c1O,CCOC(=O)c1c(-c2ccccc2)[nH]c2ccccc2c1=O,3.6,-4.911287619120976,895,[CH3:8][CH2:5][O:3][C:2]([c:4]([c:7](-[c:12]1[cH:15][cH:19][cH:22][cH:20][cH:16]1)[n:11][c:13]1[cH:17][cH:21][cH:18][cH:14][c:10]11)[c:6]1[OH:9])=[O:1]>>[CH3:8][CH2:5][O:3][C:2]([C:4]1=[C:7]([c:12]2[cH:15][cH:19][cH:22][cH:20][cH:16]2)[NH:11][c:13]([cH:17][cH:21][cH:18][cH:14]2)[c:10]2[C:6]1=[O:9])=[O:1]
tp_988,Oc1ccc(Br)cn1,O=c1ccc(Br)c[nH]1,2.2,-3.001342433907264,988,[OH:8][c:7]([cH:6][cH:4]1)[n:5][cH:3][c:2]1[Br:1]>>[O:8]=[C:7]([CH:6]=[CH:4]1)[NH:5][CH:3]=[C:2]1[Br:1]
tp_1544,O=C(O)CC(=O)O,O=C(O)C=C(O)O,-8.4,11.45967111128228,1544,[OH:7][C:5]([CH2:4][C:2]([OH:3])=[O:1])=[O:6]>>[OH:7][C:5]([CH:4]=[C:2]([OH:1])[OH:3])=[O:6]
tp_990,Oc1ccc(Cl)cn1,O=c1ccc(Cl)c[nH]1,2.25,-3.0695547619506103,990,[OH:8][c:7]([cH:6][cH:4]1)[n:5][cH:3][c:2]1[Cl:1]>>[O:8]=[C:7]([CH:6]=[CH:4]1)[NH:5][CH:3]=[C:2]1[Cl:1]
tp_1601,CC1=NC(=O)C(c2ccccc2)N1,Cc1nc(O)c(-c2ccccc2)[nH]1,-0.3,0.4092739682600815,1601,[CH3:8][C:5]([NH:6][CH:4]1[c:7]2[cH:9][cH:11][cH:13][cH:12][cH:10]2)=[N:3][C:2]1=[O:1]>>[CH3:8][c:5]1[n:3][c:2]([OH:1])[c:4](-[c:7]2[cH:9][cH:11][cH:13][cH:12][cH:10]2)[nH:6]1
tp_644,O=c1cc[nH]c2ccc3c(O)ccnc3c12,O=c1cc[nH]c2c1ccc1[nH]ccc(=O)c12,6.4,-8.731177989548403,644,[OH:16][c:13]1[c:9]([cH:14][cH:11][c:6]([NH:10][CH:7]=[CH:4]2)[c:3]3[C:2]2=[O:1])[c:5]3[n:8][cH:12][cH:15]1>>[O:16]=[C:13]([CH:15]=[CH:12][NH:8][c:5]1[c:3]23)[c:9]1[cH:14][cH:11][c:6]3[NH:10][CH:7]=[CH:4][C:2]2=[O:1]
tp_32,OC1=CCCCCC1,O=C1CCCCCC1,8.0,-10.913972486935505,32,[OH:1][C:2]1=[CH:3][CH2:5][CH2:7][CH2:8][CH2:6][CH2:4]1>>[O:1]=[C:2]1[CH2:3][CH2:5][CH2:7][CH2:8][CH2:6][CH2:4]1
tp_200,CC(=O)c1c(C)cc(C)cc1C,C=C(O)c1c(C)cc(C)cc1C,-6.92,9.44058620119921,200,[CH3:4][C:2]([c:3]1[c:5]([CH3:8])[cH:7][c:11]([CH3:12])[cH:9][c:6]1[CH3:10])=[O:1]>>[CH3:12][c:11]1[cH:7][c:5]([CH3:8])[c:3]([C:2]([OH:1])=[CH2:4])[c:6]([CH3:10])[cH:9]1
tp_67,CC(=O)C1c2ccccc2-c2ccccc21,CC(O)=C1c2ccccc2-c2ccccc21,-2.28,3.1104821587766183,67,[CH3:4][C:2]([CH:3]1[c:5]([cH:8][cH:12][cH:15][cH:11]2)[c:7]2-[c:9]2[c:6]1[cH:10][cH:14][cH:16][cH:13]2)=[O:1]>>[CH3:4][C:2]([OH:1])=[C:3]1[c:5]([cH:8][cH:12][cH:15][cH:11]2)[c:7]2-[c:9]2[c:6]1[cH:10][cH:14][cH:16][cH:13]2
tp_1571,O=C1Cc2ccccc2S1,Oc1cc2ccccc2s1,-2.0,2.728493121733876,1571,[O:6]=[C:3]([CH2:7]1)[S:1][c:2]2[c:4]1[cH:8][cH:10][cH:9][cH:5]2>>[OH:6][c:3]1[cH:7][c:4]([cH:8][cH:10][cH:9][cH:5]2)[c:2]2[s:1]1
tp_1455,CNc1ccnc(N)n1,CNc1cc[nH]c(=N)n1,-5.7,7.776205396941547,1455,[CH3:9][NH:6][c:3]1[cH:7][cH:8][n:4][c:2]([NH2:5])[n:1]1>>[CH3:9][NH:6][C:3]([CH:7]=[CH:8][NH:4]1)=[N:1][C:2]1=[NH:5]
tp_1495,O=c1ccnc2[nH]ccn12,O=c1cc[nH]c2nccn12,-3.5,4.774862963034283,1495,[O:1]=[C:2]1[N:3]([CH:6]=[CH:10][NH:9]2)[C:5]2=[N:8][CH:7]=[CH:4]1>>[O:1]=[C:2]([CH:4]=[CH:7][NH:8]1)[n:3]2[c:5]1[n:9][cH:10][cH:6]2
tp_1356,Cc1ncc(C(N)=O)c(=O)[nH]1,Cc1nc(=O)c(C(N)=O)c[nH]1,0.03,-0.0409273968260081,1356,[CH3:9][C:5]([NH:3]1)=[N:8][CH:7]=[C:4]([C:6]([NH2:11])=[O:10])[C:2]1=[O:1]>>[CH3:9][C:5]([NH:8][CH:7]=[C:4]1[C:6]([NH2:11])=[O:10])=[N:3][C:2]1=[O:1]
tp_1557,CS(=O)(=O)Cc1ccccn1,CS(=O)(=O)/C=C1\C=CC=CN1,-7.2,9.822575238241951,1557,[CH3:5][S:1]([CH2:4][c:6]1[n:7][cH:9][cH:11][cH:10][cH:8]1)(=[O:3])=[O:2]>>[CH3:5][S:1](/[CH:4]=[C:6]1/[NH:7][CH:9]=[CH:11][CH:10]=[CH:8]1)(=[O:3])=[O:2]
tp_1505,Oc1ncc2ccccc2n1,O=c1ncc2ccccc2[nH]1,4.5,-6.1391095239012206,1505,[OH:1][c:2]1[n:3][c:5]2[cH:8][cH:10][cH:11][cH:9][c:7]2[cH:6][n:4]1>>[O:1]=[C:2]1[N:4]=[CH:6][c:7]([cH:9][cH:11][cH:10][cH:8]2)[c:5]2[NH:3]1
tp_35,CC(=O)C1=C(O)CCC1,CC(=O)C1CCCC1=O,1.45,-1.97815751325706,35,[CH3:4][C:2]([C:3]([CH2:6][CH2:9][CH2:8]1)=[C:5]1[OH:7])=[O:1]>>[CH3:4][C:2]([CH:3]([CH2:6][CH2:9][CH2:8]1)[C:5]1=[O:7])=[O:1]
tp_30,OC1=CCCC1,O=C1CCCC1,7.94,-10.83211769328349,30,[OH:1][C:2]1=[CH:3][CH2:5][CH2:6][CH2:4]1>>[O:1]=[C:2]1[CH2:4][CH2:6][CH2:5][CH2:3]1
tp_1422,NC1=NC(=O)NCC1,N=C1CCNC(=O)N1,-1.2,1.6370958730403256,1422,[NH2:7][C:5]([CH2:8][CH2:6][NH:4]1)=[N:3][C:2]1=[O:1]>>[NH:7]=[C:5]([CH2:8][CH2:6][NH:4]1)[NH:3][C:2]1=[O:1]
tp_1535,C=CC(C)=O,C=CC(=C)O,-7.8,10.641123174762116,1535,[CH3:4][C:2]([CH:3]=[CH2:5])=[O:1]>>[CH2:5]=[CH:3][C:2]([OH:1])=[CH2:4]
tp_836,Sc1ccncc1,S=c1cc[nH]cc1,4.5,-6.1391095239012206,836,[SH:1][c:2]1[cH:3][cH:5][n:7][cH:6][cH:4]1>>[S:1]=[C:2]1[CH:3]=[CH:5][NH:7][CH:6]=[CH:4]1
tp_415,CCOC(=O)CC#N,CCO/C(O)=C/C#N,-9.6,13.096766984322604,415,[CH3:7][CH2:5][O:3][C:2]([CH2:4][C:6]#[N:8])=[O:1]>>[CH3:7][CH2:5][O:3]/[C:2](/[OH:1])=[CH:4]/[C:6]#[N:8]
tp_574,CC(=O)Oc1cc(O)ccn1,CC(=O)Oc1cc(=O)cc[nH]1,0.9,-1.2278219047802443,574,[CH3:4][C:2]([O:3][c:5]1[n:6][cH:8][cH:10][c:9]([OH:11])[cH:7]1)=[O:1]>>[CH3:4][C:2]([O:3][C:5]([NH:6][CH:8]=[CH:10]1)=[CH:7][C:9]1=[O:11])=[O:1]
tp_1279,O=C(Nc1nccs1)C(Cl)(Cl)Cl,O=C(/N=c1/[nH]ccs1)C(Cl)(Cl)Cl,1.3,-1.7735205291270195,1279,[O:6]=[C:5]([C:2]([Cl:4])([Cl:3])[Cl:1])[NH:7][c:8]1[n:10][cH:12][cH:11][s:9]1>>[O:6]=[C:5]([C:2]([Cl:4])([Cl:3])[Cl:1])/[N:7]=[C:8]1\[S:9][CH:11]=[CH:12][NH:10]1
tp_1275,O=C(Nc1nncs1)C(Cl)Cl,O=C(/N=c1/[nH]ncs1)C(Cl)Cl,0.2,-0.2728493121733876,1275,[O:5]=[C:4]([CH:2]([Cl:3])[Cl:1])[NH:6][c:7]1[n:9][n:11][cH:10][s:8]1>>[O:5]=[C:4]([CH:2]([Cl:3])[Cl:1])/[N:6]=[C:7]1\[S:8][CH:10]=[N:11][NH:9]1
tp_568,CSc1cc(O)ccn1,CSc1cc(=O)cc[nH]1,1.3,-1.7735205291270195,568,[CH3:3][S:1][c:2]1[n:4][cH:6][cH:8][c:7]([OH:9])[cH:5]1>>[CH3:3][S:1][C:2]([NH:4][CH:6]=[CH:8]1)=[CH:5][C:7]1=[O:9]
tp_1116,Sc1cc2ccccc2cn1,S=c1cc2ccccc2c[nH]1,2.9,-3.95631502651412,1116,[SH:1][c:2]1[cH:4][c:6]2[cH:8][cH:10][cH:11][cH:9][c:7]2[cH:5][n:3]1>>[S:1]=[C:2]1[NH:3][CH:5]=[C:7]([CH:9]=[CH:11][CH:10]=[CH:8]2)[C:6]2=[CH:4]1
tp_606,Oc1c(C(F)(F)F)cnc2ccccc12,O=c1c(C(F)(F)F)c[nH]c2ccccc12,4.6,-6.275534179987914,606,[OH:8][c:6]1[c:5]([C:2]([F:4])([F:3])[F:1])[cH:7][n:10][c:11]2[cH:13][cH:15][cH:14][cH:12][c:9]12>>[O:8]=[C:6]1[c:9]([cH:12][cH:14][cH:15][cH:13]2)[c:11]2[NH:10][CH:7]=[C:5]1[C:2]([F:4])([F:3])[F:1]
tp_1081,Cn1ccc(=N)[nH]c1=O,Cn1ccc(N)nc1=O,4.1,-5.593410899554446,1081,[CH3:6][N:3]([CH:5]=[CH:8][C:7]([NH:4]1)=[NH:9])[C:2]1=[O:1]>>[CH3:6][N:3]([CH:5]=[CH:8][C:7]([NH2:9])=[N:4]1)[C:2]1=[O:1]
tp_1123,Cc1nc(S)n(C)c1C,Cc1[nH]c(=S)n(C)c1C,8.0,-10.913972486935505,1123,[CH3:9][c:6]([n:4]1[CH3:7])[c:5]([CH3:8])[n:3][c:2]1[SH:1]>>[CH3:8][C:5]([NH:3]1)=[C:6]([CH3:9])[N:4]([CH3:7])[C:2]1=[S:1]
tp_521,CC1(C)CC(=O)C/C(=N/Nc2ccccc2)C1,CC1(C)CC(=O)C=C(NNc2ccccc2)C1,2.5,-3.410616402167345,521,[CH3:10][C:6]([CH3:9])([CH2:8]/[C:5](/[CH2:3]1)=[N:7]\[NH:11][c:12]2[cH:13][cH:15][cH:17][cH:16][cH:14]2)[CH2:4][C:2]1=[O:1]>>[CH3:10][C:6]([CH3:9])([CH2:4]1)[CH2:8][C:5]([NH:7][NH:11][c:12]2[cH:13][cH:15][cH:17][cH:16][cH:14]2)=[CH:3][C:2]1=[O:1]
tp_1546,O=c1cc(O)cc[nH]1,O=c1cc[nH]c(O)c1,1.7,-2.3192191534737945,1546,[OH:8][C:6]([CH:7]=[CH:5][NH:3]1)=[CH:4][C:2]1=[O:1]>>[OH:1][C:2]([NH:3][CH:5]=[CH:7]1)=[CH:4][C:6]1=[O:8]
tp_1342,Cc1nccc(O)n1,Cc1nccc(=O)[nH]1,1.86,-2.5374986032125046,1342,[CH3:8][c:5]1[n:7][cH:6][cH:4][c:2]([OH:1])[n:3]1>>[CH3:8][C:5]([NH:3]1)=[N:7][CH:6]=[CH:4][C:2]1=[O:1]
tp_978,OC1=NCCC=C1,O=C1C=CCCN1,7.1,-9.68615058215526,978,[OH:1][C:2]1=[N:3][CH2:5][CH2:7][CH:6]=[CH:4]1>>[O:1]=[C:2]1[NH:3][CH2:5][CH2:7][CH:6]=[CH:4]1
tp_578,Oc1ccnc(Oc2ccccc2)c1,O=c1cc[nH]c(Oc2ccccc2)c1,0.5,-0.682123280433469,578,[OH:13][c:9]1[cH:5][c:2]([O:1][c:3]2[cH:6][cH:10][cH:14][cH:11][cH:7]2)[n:4][cH:8][cH:12]1>>[O:13]=[C:9]([CH:12]=[CH:8][NH:4]1)[CH:5]=[C:2]1[O:1][c:3]1[cH:6][cH:10][cH:14][cH:11][cH:7]1
tp_564,COC(=O)c1cc(O)ccn1,COC(=O)c1cc(=O)cc[nH]1,1.9,-2.592068465647182,564,[CH3:5][O:3][C:2]([c:4]1[n:6][cH:8][cH:10][c:9]([OH:11])[cH:7]1)=[O:1]>>[CH3:5][O:3][C:2]([C:4]([NH:6][CH:8]=[CH:10]1)=[CH:7][C:9]1=[O:11])=[O:1]
tp_1181,Nc1ccccn1,N=c1cccc[nH]1,-6.5,8.867602645635097,1181,[NH2:4][c:2]1[n:1][cH:3][cH:6][cH:7][cH:5]1>>[NH:4]=[C:2]1[NH:1][CH:3]=[CH:6][CH:7]=[CH:5]1
tp_1183,CC(=O)Nc1ccccn1,CC(=O)/N=c1\cccc[nH]1,-3.3,4.502013650860895,1183,[CH3:4][C:2]([NH:3][c:5]1[n:6][cH:8][cH:10][cH:9][cH:7]1)=[O:1]>>[CH3:4][C:2](/[N:3]=[C:5]1/[NH:6][CH:8]=[CH:10][CH:9]=[CH:7]1)=[O:1]
tp_1384,Nc1ncco1,N=c1[nH]cco1,-5.1,6.957657460421383,1384,[NH2:5][c:2]1[n:4][cH:6][cH:3][o:1]1>>[NH:5]=[C:2]1[O:1][CH:3]=[CH:6][NH:4]1
tp_565,COC(=O)c1cnccc1O,COC(=O)c1c[nH]ccc1=O,3.6,-4.911287619120976,565,[CH3:5][O:3][C:2]([c:4]([cH:7][n:10][cH:11][cH:9]1)[c:6]1[OH:8])=[O:1]>>[CH3:5][O:3][C:2]([C:4]1=[CH:7][NH:10][CH:11]=[CH:9][C:6]1=[O:8])=[O:1]
tp_79,CCC1C(=O)NC(=O)NC1=O,CCc1c(O)[nH]c(=O)[nH]c1=O,-1.4,1.9099451852137133,79,[CH3:11][CH2:10][CH:8]([C:6]([NH:4][C:2]([NH:3]1)=[O:1])=[O:9])[C:5]1=[O:7]>>[CH3:11][CH2:10][C:8]([C:6]([NH:4][C:2]([NH:3]1)=[O:1])=[O:9])=[C:5]1[OH:7]
tp_1484,Nc1nc2ccccc2[nH]1,N=c1[nH]c2ccccc2[nH]1,-2.3,3.137767089993957,1484,[NH2:5][c:2]1[n:1][c:3]([cH:7][cH:9][cH:10][cH:8]2)[c:6]2[nH:4]1>>[NH:5]=[C:2]1[NH:1][c:3]([cH:7][cH:9][cH:10][cH:8]2)[c:6]2[NH:4]1
tp_1193,Nc1ncccn1,N=c1nccc[nH]1,-7.5,10.231849206502035,1193,[NH2:5][c:2]1[n:1][cH:3][cH:6][cH:7][n:4]1>>[NH:5]=[C:2]1[N:4]=[CH:7][CH:6]=[CH:3][NH:1]1
tp_132,CCC(=O)O,CC=C(O)O,-17.6,24.01073947125811,132,[CH3:5][CH2:4][C:2]([OH:3])=[O:1]>>[CH3:5][CH:4]=[C:2]([OH:3])[OH:1]
tp_1321,O=C1NC=NC12CCCCC2,O=C1N=CNC12CCCCC2,-0.3,0.4092739682600815,1321,[O:1]=[C:2]1[NH:3][CH:5]=[N:6][C:4]11[CH2:7][CH2:9][CH2:11][CH2:10][CH2:8]1>>[O:1]=[C:2]1[N:3]=[CH:5][NH:6][C:4]11[CH2:7][CH2:9][CH2:11][CH2:10][CH2:8]1
tp_1501,Oc1cnncn1,O=c1cn[nH]cn1,2.4,-3.274191746080651,1501,[OH:1][c:2]1[n:3][cH:5][n:7][n:6][cH:4]1>>[O:1]=[C:2]1[N:3]=[CH:5][NH:7][N:6]=[CH:4]1
tp_1594,O=C1COC(c2ccccc2)=N1,Oc1coc(-c2ccccc2)n1,-4.0,5.456986243467751,1594,[O:1]=[C:2]1[N:3]=[C:5]([c:7]2[cH:8][cH:10][cH:12][cH:11][cH:9]2)[O:6][CH2:4]1>>[OH:1][c:2]1[cH:4][o:6][c:5](-[c:7]2[cH:8][cH:10][cH:12][cH:11][cH:9]2)[n:3]1
tp_1593,O=C1N=C(c2ccccc2)SC1c1ccccc1,Oc1nc(-c2ccccc2)sc1-c1ccccc1,1.7,-2.3192191534737945,1593,[O:12]=[C:7]1[N:4]=[C:2]([c:5]2[cH:8][cH:13][cH:17][cH:14][cH:9]2)[S:1][CH:3]1[c:6]1[cH:10][cH:15][cH:18][cH:16][cH:11]1>>[OH:12][c:7]1[c:3](-[c:6]2[cH:10][cH:15][cH:18][cH:16][cH:11]2)[s:1][c:2](-[c:5]2[cH:8][cH:13][cH:17][cH:14][cH:9]2)[n:4]1
tp_131,CCOC(C)=O,C=C(O)OCC,-18.6,25.374986032125047,131,[CH3:6][CH2:5][O:3][C:2]([CH3:4])=[O:1]>>[CH3:6][CH2:5][O:3][C:2]([OH:1])=[CH2:4]
tp_1489,Nc1nc(=O)c2ccccc2[nH]1,N=c1[nH]c(=O)c2ccccc2[nH]1,-3.8,5.184136931294364,1489,[NH2:9][C:5]([NH:8][c:6]1[c:4]2[cH:7][cH:11][cH:12][cH:10]1)=[N:3][C:2]2=[O:1]>>[NH:9]=[C:5]([NH:8][c:6]1[c:4]2[cH:7][cH:11][cH:12][cH:10]1)[NH:3][C:2]2=[O:1]
tp_1553,CCOC(=O)CC1=NCCS1,CCOC(=O)/C=C1/NCCS1,-0.3,0.4092739682600815,1553,[CH3:11][CH2:10][O:9][C:7]([CH2:5][C:2]1=[N:4][CH2:6][CH2:3][S:1]1)=[O:8]>>[CH3:11][CH2:10][O:9][C:7](/[CH:5]=[C:2]1\[S:1][CH2:3][CH2:6][NH:4]1)=[O:8]
tp_573,COc1cnccc1O,COc1c[nH]ccc1=O,3.9,-5.320561587381058,573,[CH3:3][O:1][c:2]([cH:5][n:8][cH:9][cH:7]1)[c:4]1[OH:6]>>[CH3:3][O:1][C:2]1=[CH:5][NH:8][CH:9]=[CH:7][C:4]1=[O:6]
tp_1124,Cc1nc(S)oc1C,Cc1[nH]c(=S)oc1C,6.3,-8.594753333461709,1124,[CH3:8][c:6]1[c:5]([CH3:7])[o:3][c:2]([SH:1])[n:4]1>>[CH3:8][C:6]([NH:4]1)=[C:5]([CH3:7])[O:3][C:2]1=[S:1]
tp_1343,COc1cnc(C)nc1O,COc1cnc(C)[nH]c1=O,1.83,-2.4965712063864967,1343,[CH3:10][c:9]([n:8][cH:5]1)[n:7][c:4]([OH:6])[c:2]1[O:1][CH3:3]>>[CH3:10][C:9]([NH:7][C:4]1=[O:6])=[N:8][CH:5]=[C:2]1[O:1][CH3:3]
tp_1228,Cn1c(N)nc2ccccc21,Cn1c(=N)[nH]c2ccccc21,-2.6,3.547041058254039,1228,[CH3:8][n:4]1[c:2]([NH2:5])[n:1][c:3]2[c:6]1[cH:9][cH:11][cH:10][cH:7]2>>[CH3:8][N:4]([c:6]([cH:9][cH:11][cH:10][cH:7]1)[c:3]1[NH:1]1)[C:2]1=[NH:5]
tp_590,Oc1ccnc2ccccc12,O=c1cc[nH]c2ccccc12,4.9,-6.684808148247997,590,[OH:1][c:2]1[cH:4][cH:7][n:8][c:5]2[cH:9][cH:11][cH:10][cH:6][c:3]12>>[O:1]=[C:2]1[c:3]([cH:6][cH:10][cH:11][cH:9]2)[c:5]2[NH:8][CH:7]=[CH:4]1
tp_788,Oc1c(/C=N/c2ccccc2)ccc2ccccc12,O=C1/C(=C\Nc2ccccc2)C=Cc2ccccc21,0.49,-0.6684808148247996,788,[OH:1][c:2]1[c:4](/[CH:8]=[N:12]/[c:14]2[cH:15][cH:17][cH:19][cH:18][cH:16]2)[cH:7][cH:9][c:5]2[cH:10][cH:13][cH:11][cH:6][c:3]12>>[O:1]=[C:2]1[c:3]([cH:6][cH:11][cH:13][cH:10]2)[c:5]2[CH:9]=[CH:7]/[C:4]1=[CH:8]/[NH:12][c:14]1[cH:15][cH:17][cH:19][cH:18][cH:16]1
tp_251,CCNc1cc2ccccc2n1C,CC/N=C1\Cc2ccccc2N1C,0.0,-0.0,251,[CH3:13][CH2:11][NH:7][c:3]1[cH:8][c:5]([cH:9][cH:12][cH:10][cH:6]2)[c:2]2[n:1]1[CH3:4]>>[CH3:13][CH2:11]/[N:7]=[C:3](\[CH2:8]1)/[N:1]([CH3:4])[c:2]2[c:5]1[cH:9][cH:12][cH:10][cH:6]2
tp_566,CC(=O)Nc1cc(O)ccn1,CC(=O)Nc1cc(=O)cc[nH]1,1.5,-2.046369841300407,566,[CH3:4][C:2]([NH:3][c:5]1[n:6][cH:8][cH:10][c:9]([OH:11])[cH:7]1)=[O:1]>>[CH3:4][C:2]([NH:3][C:5]([NH:6][CH:8]=[CH:10]1)=[CH:7][C:9]1=[O:11])=[O:1]
tp_192,O=C1N=C(c2ccccc2)OC1c1ccccc1,Oc1nc(-c2ccccc2)oc1-c1ccccc1,-1.3,1.7735205291270195,192,[O:1]=[C:2]1[N:3]=[C:5]([c:8]2[cH:11][cH:15][cH:18][cH:16][cH:12]2)[O:6][CH:4]1[c:7]1[cH:9][cH:13][cH:17][cH:14][cH:10]1>>[OH:1][c:2]1[c:4](-[c:7]2[cH:9][cH:13][cH:17][cH:14][cH:10]2)[o:6][c:5](-[c:8]2[cH:11][cH:15][cH:18][cH:16][cH:12]2)[n:3]1
tp_182,O=C1CSc2ccccc21,Oc1csc2ccccc12,-1.1,1.5006712169536318,182,[O:9]=[C:6]1[c:4]([cH:7][cH:10][cH:8][cH:5]2)[c:2]2[S:1][CH2:3]1>>[OH:9][c:6]1[cH:3][s:1][c:2]2[c:4]1[cH:7][cH:10][cH:8][cH:5]2
tp_1513,Cc1[nH]nc(O)c1C,Cc1[nH][nH]c(=O)c1C,1.8,-2.455643809560488,1513,[CH3:7][c:4]1[c:6]([CH3:8])[nH:5][n:3][c:2]1[OH:1]>>[CH3:7][C:4]1=[C:6]([CH3:8])[NH:5][NH:3][C:2]1=[O:1]
tp_510,O/C(=C\c1ccccn1)c1ccccc1,O=C(/C=C1\C=CC=CN1)c1ccccc1,0.95,-1.296034232823591,510,[OH:1]/[C:2](/[c:3]1[cH:5][cH:8][cH:12][cH:9][cH:6]1)=[CH:4]\[c:7]1[n:10][cH:13][cH:15][cH:14][cH:11]1>>[O:1]=[C:2](/[CH:4]=[C:7]1/[NH:10][CH:13]=[CH:15][CH:14]=[CH:11]1)[c:3]1[cH:5][cH:8][cH:12][cH:9][cH:6]1
tp_583,N#Cc1cc(O)ccn1,N#Cc1cc(=O)cc[nH]1,-0.1,0.1364246560866938,583,[N:9]#[C:8][c:5]1[n:7][cH:6][cH:4][c:2]([OH:1])[cH:3]1>>[N:9]#[C:8][C:5]([NH:7][CH:6]=[CH:4]1)=[CH:3][C:2]1=[O:1]
tp_203,O=C(O)C1c2ccccc2-c2ccccc21,OC(O)=C1c2ccccc2-c2ccccc21,-9.5,12.960342328235912,203,[OH:3][C:2]([CH:4]1[c:5]([cH:8][cH:12][cH:15][cH:11]2)[c:7]2-[c:9]2[c:6]1[cH:10][cH:14][cH:16][cH:13]2)=[O:1]>>[OH:1][C:2]([OH:3])=[C:4]1[c:5]([cH:8][cH:12][cH:15][cH:11]2)[c:7]2-[c:9]2[c:6]1[cH:10][cH:14][cH:16][cH:13]2
tp_787,Oc1ccc2ccccc2c1/C=N/c1ccccc1,O=C1C=Cc2ccccc2/C1=C/Nc1ccccc1,0.43,-0.5866260211727833,787,[OH:1][c:2]1[c:3](/[CH:6]=[N:10]/[c:13]2[cH:15][cH:17][cH:19][cH:18][cH:16]2)[c:5]2[cH:9][cH:12][cH:14][cH:11][c:8]2[cH:7][cH:4]1>>[O:1]=[C:2]([CH:4]=[CH:7][c:8]1[c:5]2[cH:9][cH:12][cH:14][cH:11]1)/[C:3]2=[CH:6]\[NH:10][c:13]1[cH:15][cH:17][cH:19][cH:18][cH:16]1
tp_1676,Nc1nc(O)c[nH]1,NC1=NCC(=O)N1,1.5,-2.046369841300407,1676,[NH2:7][c:5]1[n:3][c:2]([OH:1])[cH:4][nH:6]1>>[NH2:7][C:5]([NH:3]1)=[N:6][CH2:4][C:2]1=[O:1]
tp_1027,N=C(N)O,NC(N)=O,10.3,-14.051739576929462,1027,[NH2:4][C:2]([OH:1])=[NH:3]>>[NH2:3][C:2]([NH2:4])=[O:1]
tp_624,Oc1c(F)cnc2ccccc12,O=c1c(F)c[nH]c2ccccc12,4.7,-6.411958836074609,624,[OH:5][c:3]([c:6]1[cH:9][cH:11][cH:12][cH:10][c:8]1[n:7][cH:4]1)[c:2]1[F:1]>>[O:5]=[C:3]1[C:2]([F:1])=[CH:4][NH:7][c:8]2[c:6]1[cH:9][cH:11][cH:12][cH:10]2
tp_1518,CC1=NN(C)C(=O)C1,Cc1cc(O)n(C)n1,-0.3,0.4092739682600815,1518,[CH3:8][C:7]([CH2:4]1)=[N:5][N:3]([CH3:6])[C:2]1=[O:1]>>[CH3:8][c:7]1[n:5][n:3]([CH3:6])[c:2]([OH:1])[cH:4]1
tp_1242,Cn1nnnc1N,Cn1nn[nH]c1=N,-7.4,10.09542455041534,1242,[CH3:6][n:4]1[n:2][n:1][n:3][c:5]1[NH2:7]>>[CH3:6][N:4]1[N:2]=[N:1][NH:3][C:5]1=[NH:7]
tp_1521,OC1=NNCCC1,O=C1CCCNN1,5.1,-6.957657460421383,1521,[OH:1][C:2]1=[N:3][NH:5][CH2:7][CH2:6][CH2:4]1>>[O:1]=[C:2]1[NH:3][NH:5][CH2:7][CH2:6][CH2:4]1
tp_605,Oc1cc(C(F)(F)F)nc2ccccc12,O=c1cc(C(F)(F)F)[nH]c2ccccc12,2.2,-3.001342433907264,605,[OH:12][c:9]1[cH:7][c:5]([C:2]([F:4])([F:3])[F:1])[n:6][c:8]2[cH:11][cH:14][cH:15][cH:13][c:10]12>>[O:12]=[C:9]1[c:10]([cH:13][cH:15][cH:14][cH:11]2)[c:8]2[NH:6][C:5]([C:2]([F:4])([F:3])[F:1])=[CH:7]1
tp_1188,Nc1ccc2ccccc2n1,N=c1ccc2ccccc2[nH]1,-4.6,6.275534179987914,1188,[NH2:4][c:2]1[n:1][c:3]2[cH:7][cH:10][cH:11][cH:9][c:6]2[cH:8][cH:5]1>>[NH:4]=[C:2]1[NH:1][c:3]([cH:7][cH:10][cH:11][cH:9]2)[c:6]2[CH:8]=[CH:5]1
tp_1658,O=C1CCN=C2NC=NN12,O=C1CCNc2ncnn21,6.3,-8.594753333461709,1658,[O:1]=[C:2]1[N:3]2[N:5]=[CH:8][NH:10][C:6]2=[N:9][CH2:7][CH2:4]1>>[O:1]=[C:2]1[n:3]2[n:5][cH:8][n:10][c:6]2[NH:9][CH2:7][CH2:4]1
tp_1349,COc1cnc(C)nc1O,COc1c[nH]c(C)nc1=O,1.76,-2.401073947125811,1349,[CH3:10][c:9]([n:8][cH:5]1)[n:7][c:4]([OH:6])[c:2]1[O:1][CH3:3]>>[CH3:10][C:9]([NH:8][CH:5]=[C:2]1[O:1][CH3:3])=[N:7][C:4]1=[O:6]
tp_1503,Oc1ncncn1,O=c1ncnc[nH]1,1.6,-2.1827944973871007,1503,[OH:1][c:2]1[n:3][cH:5][n:7][cH:6][n:4]1>>[O:1]=[C:2]1[N:4]=[CH:6][N:7]=[CH:5][NH:3]1
tp_620,N#Cc1cnc2ccccc2c1O,N#Cc1c[nH]c2ccccc2c1=O,4.5,-6.1391095239012206,620,[N:9]#[C:5][c:3]([cH:6][n:10][c:7]1[cH:11][cH:13][cH:12][cH:8][c:4]11)[c:2]1[OH:1]>>[N:9]#[C:5][C:3]1=[CH:6][NH:10][c:7]([cH:11][cH:13][cH:12][cH:8]2)[c:4]2[C:2]1=[O:1]
tp_1500,Oc1ncnc2ccccc12,O=c1[nH]cnc2ccccc12,5.3,-7.23050677259477,1500,[OH:1][c:2]1[n:3][cH:5][n:8][c:6]2[cH:9][cH:11][cH:10][cH:7][c:4]12>>[O:1]=[C:2]1[NH:3][CH:5]=[N:8][c:6]2[c:4]1[cH:7][cH:10][cH:11][cH:9]2
tp_919,Cn1cnc2[nH]ncc2c1=N,Cn1cnc2nncc-2c1N,0.6,-0.8185479365201628,919,[CH3:10][N:6]([CH:3]=[N:1][c:2]1[c:5]2[cH:9][n:7][nH:4]1)[C:8]2=[NH:11]>>[CH3:10][N:6]([CH:3]=[N:1]1)[C:8]([NH2:11])=[C:5]2[C:2]1=[N:4][N:7]=[CH:9]2
tp_516,O=C(Cc1ccnc2ccccc12)c1ccccc1,O=C(/C=C1/CC=Nc2ccccc21)c1ccccc1,-2.3,3.137767089993957,516,[O:1]=[C:2]([CH2:4][c:7]1[cH:11][cH:15][n:16][c:13]2[cH:17][cH:19][cH:18][cH:14][c:10]12)[c:3]1[cH:5][cH:8][cH:12][cH:9][cH:6]1>>[O:1]=[C:2](/[CH:4]=[C:7]1\[c:10]([cH:14][cH:18][cH:19][cH:17]2)[c:13]2[N:16]=[CH:15][CH2:11]1)[c:3]1[cH:5][cH:8][cH:12][cH:9][cH:6]1
tp_989,Oc1ncc(Br)cc1Br,O=c1[nH]cc(Br)cc1Br,1.95,-2.660280793690529,989,[OH:5][c:3]([n:6][cH:8][c:7]([Br:9])[cH:4]1)[c:2]1[Br:1]>>[O:5]=[C:3]([C:2]([Br:1])=[CH:4]1)[NH:6][CH:8]=[C:7]1[Br:9]
tp_1380,O=c1c2ccccc2nc2n1N=NCN2,O=C1c2ccccc2NC2=NCN=NN12,2.7,-3.6834657143407328,1380,[O:1]=[C:2]1[N:3]2[N:5]=[N:9][CH2:14][NH:11][C:6]2=[N:10][c:7]2[c:4]1[cH:8][cH:13][cH:15][cH:12]2>>[O:1]=[C:2]1[N:3]2[N:5]=[N:9][CH2:14][N:11]=[C:6]2[NH:10][c:7]2[c:4]1[cH:8][cH:13][cH:15][cH:12]2
tp_1572,O=C1c2ccccc2OC1c1ccccc1,Oc1c(-c2ccccc2)oc2ccccc12,-0.8,1.0913972486935504,1572,[O:1]=[C:2]1[c:3]([cH:6][cH:10][cH:13][cH:9]2)[c:5]2[O:7][CH:4]1[c:8]1[cH:11][cH:14][cH:16][cH:15][cH:12]1>>[OH:1][c:2]1[c:4](-[c:8]2[cH:11][cH:14][cH:16][cH:15][cH:12]2)[o:7][c:5]2[c:3]1[cH:6][cH:10][cH:13][cH:9]2
tp_1267,O=C(Nc1nccs1)C(Cl)Cl,O=C(/N=c1/[nH]ccs1)C(Cl)Cl,-0.3,0.4092739682600815,1267,[O:5]=[C:4]([CH:2]([Cl:3])[Cl:1])[NH:6][c:7]1[n:9][cH:11][cH:10][s:8]1>>[O:5]=[C:4]([CH:2]([Cl:3])[Cl:1])/[N:6]=[C:7]1\[S:8][CH:10]=[CH:11][NH:9]1
tp_44,CC=O,C=CO,-6.23,8.499256074201025,44,[CH3:3][CH:2]=[O:1]>>[CH2:3]=[CH:2][OH:1]
tp_38,CC(=O)C1=C(O)CCCC1,C/C(O)=C1\CCCCC1=O,-0.56,0.7639780740854852,38,[CH3:4][C:2]([C:3]([CH2:6][CH2:9][CH2:10][CH2:8]1)=[C:5]1[OH:7])=[O:1]>>[CH3:4]/[C:2](/[OH:1])=[C:3](\[CH2:6][CH2:9][CH2:10][CH2:8]1)/[C:5]1=[O:7]
tp_735,CCOC(=O)Cc1nc2ccccc2n(C)c1=O,CCOC(=O)/C=C1/Nc2ccccc2N(C)C1=O,-1.03,1.405173957692946,735,[CH3:18][CH2:17][O:15][C:11]([CH2:8][C:4]1=[N:7][c:9]([cH:12][cH:16][cH:13][cH:10]2)[c:5]2[N:3]([CH3:6])[C:2]1=[O:1])=[O:14]>>[CH3:18][CH2:17][O:15][C:11](/[CH:8]=[C:4]1/[NH:7][c:9]([cH:12][cH:16][cH:13][cH:10]2)[c:5]2[N:3]([CH3:6])[C:2]1=[O:1])=[O:14]
tp_675,CCOC(=O)CC1=NCCCS1,CCOC(=O)/C=C1\NCCCS1,-0.3,0.4092739682600815,675,[CH3:12][CH2:11][O:10][C:8]([CH2:5][C:2]1=[N:4][CH2:7][CH2:6][CH2:3][S:1]1)=[O:9]>>[CH3:12][CH2:11][O:10][C:8](/[CH:5]=[C:2]1/[S:1][CH2:3][CH2:6][CH2:7][NH:4]1)=[O:9]
tp_181,O=C1COc2ccccc21,Oc1coc2ccccc12,-4.06,5.538841037119767,181,[O:1]=[C:2]1[c:3]([cH:6][cH:9][cH:10][cH:8]2)[c:5]2[O:7][CH2:4]1>>[OH:1][c:2]1[cH:4][o:7][c:5]2[c:3]1[cH:6][cH:9][cH:10][cH:8]2
tp_164,O=C1C=C(N2CCCC2)C=C(N2CCCC2)C1,Oc1cc(N2CCCC2)cc(N2CCCC2)c1,-1.0,1.364246560866938,164,[O:1]=[C:2]([CH2:4][C:6]([N:9]1[CH2:12][CH2:16][CH2:17][CH2:13]1)=[CH:8]1)[CH:3]=[C:5]1[N:7]1[CH2:10][CH2:14][CH2:15][CH2:11]1>>[OH:1][c:2]1[cH:3][c:5]([N:7]2[CH2:10][CH2:14][CH2:15][CH2:11]2)[cH:8][c:6]([N:9]2[CH2:12][CH2:16][CH2:17][CH2:13]2)[cH:4]1
tp_1187,O=S(=O)(Nc1ccccn1)c1ccccc1,O=S(=O)(/N=c1\cccc[nH]1)c1ccccc1,1.8,-2.455643809560488,1187,[O:3]=[S:1]([c:5]1[cH:7][cH:11][cH:15][cH:12][cH:8]1)([NH:4][c:6]1[n:9][cH:13][cH:16][cH:14][cH:10]1)=[O:2]>>[O:3]=[S:1]([c:5]1[cH:7][cH:11][cH:15][cH:12][cH:8]1)(/[N:4]=[C:6]1/[NH:9][CH:13]=[CH:16][CH:14]=[CH:10]1)=[O:2]
tp_309,CCOC(=O)CC(=O)OCC,CCOC(=O)/C=C(\O)OCC,-7.4,10.09542455041534,309,[CH3:11][CH2:10][O:9][C:6]([CH2:4][C:2]([O:3][CH2:5][CH3:7])=[O:1])=[O:8]>>[CH3:11][CH2:10][O:9][C:6](/[CH:4]=[C:2](\[OH:1])/[O:3][CH2:5][CH3:7])=[O:8]
tp_1517,CC1=NN(C)C(=O)C1,Cc1cc(=O)n(C)[nH]1,1.5,-2.046369841300407,1517,[CH3:8][C:7]([CH2:4]1)=[N:5][N:3]([CH3:6])[C:2]1=[O:1]>>[CH3:8][C:7]([NH:5][N:3]1[CH3:6])=[CH:4][C:2]1=[O:1]
tp_570,Oc1ccnc(C(F)(F)F)c1,O=c1cc[nH]c(C(F)(F)F)c1,1.2,-1.6370958730403256,570,[OH:11][c:9]1[cH:7][c:5]([C:2]([F:4])([F:3])[F:1])[n:6][cH:8][cH:10]1>>[O:11]=[C:9]1[CH:7]=[C:5]([C:2]([F:4])([F:3])[F:1])[NH:6][CH:8]=[CH:10]1
tp_1226,Nc1nc2c(s1)CCCC2,N=c1[nH]c2c(s1)CCCC2,-3.7,5.047712275207671,1226,[NH2:5][c:2]1[n:4][c:6]([CH2:8][CH2:10][CH2:9][CH2:7]2)[c:3]2[s:1]1>>[NH:5]=[C:2]1[S:1][C:3]([CH2:7][CH2:9][CH2:10][CH2:8]2)=[C:6]2[NH:4]1
tp_1506,O=c1ncc2ccccc2[nH]1,O=c1nc2ccccc2c[nH]1,-2.1,2.86491777782057,1506,[O:1]=[C:2]1[N:3]=[CH:5][c:7]([cH:9][cH:11][cH:10][cH:8]2)[c:6]2[NH:4]1>>[O:1]=[C:2]1[N:4]=[C:6]([CH:8]=[CH:10][CH:11]=[CH:9]2)[C:7]2=[CH:5][NH:3]1
tp_610,CC(=O)Oc1cnc2ccccc2c1O,CC(=O)Oc1c[nH]c2ccccc2c1=O,4.7,-6.411958836074609,610,[CH3:4][C:2]([O:3][c:5]([cH:7][n:10][c:11]1[cH:13][cH:15][cH:14][cH:12][c:9]11)[c:6]1[OH:8])=[O:1]>>[CH3:4][C:2]([O:3][C:5]1=[CH:7][NH:10][c:11]([cH:13][cH:15][cH:14][cH:12]2)[c:9]2[C:6]1=[O:8])=[O:1]
tp_402,COC(=O)CC(=O)c1ccccn1,COC(=O)/C=C(\O)c1ccccn1,-0.07,0.0954972592606856,402,[CH3:5][O:3][C:2]([CH2:4][C:6]([c:8]1[n:9][cH:11][cH:13][cH:12][cH:10]1)=[O:7])=[O:1]>>[CH3:5][O:3][C:2](/[CH:4]=[C:6](/[c:8]1[n:9][cH:11][cH:13][cH:12][cH:10]1)\[OH:7])=[O:1]
tp_554,CCOC(=O)c1cc(O)cc(C(=O)OCC)n1,CCOC(=O)c1cc(=O)cc(C(=O)OCC)[nH]1,-0.6,0.8185479365201628,554,[CH3:17][CH2:16][O:15][C:11]([c:9]1[cH:12][c:10]([OH:13])[cH:7][c:4]([C:2]([O:3][CH2:5][CH3:8])=[O:1])[n:6]1)=[O:14]>>[CH3:17][CH2:16][O:15][C:11]([C:9]([NH:6][C:4]([C:2]([O:3][CH2:5][CH3:8])=[O:1])=[CH:7]1)=[CH:12][C:10]1=[O:13])=[O:14]
tp_1223,c1ccc(Nc2nccs2)cc1,c1ccc(/N=c2/[nH]ccs2)cc1,-2.3,3.137767089993957,1223,[cH:6]1[cH:3][s:1][c:2]([NH:5][c:7]2[cH:8][cH:10][cH:12][cH:11][cH:9]2)[n:4]1>>[CH:6]([NH:4]1)=[CH:3][S:1]/[C:2]1=[N:5]\[c:7]1[cH:8][cH:10][cH:12][cH:11][cH:9]1
tp_74,O=C1CSC(c2ccccc2)=N1,Oc1csc(-c2ccccc2)n1,-1.0,1.364246560866938,74,[O:9]=[C:6]1[N:4]=[C:2]([c:5]2[cH:7][cH:10][cH:12][cH:11][cH:8]2)[S:1][CH2:3]1>>[OH:9][c:6]1[cH:3][s:1][c:2](-[c:5]2[cH:7][cH:10][cH:12][cH:11][cH:8]2)[n:4]1
tp_591,Cc1cc(O)c2ccccc2n1,Cc1cc(=O)c2ccccc2[nH]1,5.2,-7.094082116508078,591,[CH3:11][c:7]1[n:8][c:5]2[cH:9][cH:12][cH:10][cH:6][c:3]2[c:2]([OH:1])[cH:4]1>>[CH3:11][C:7]([NH:8][c:5]1[c:3]2[cH:6][cH:10][cH:12][cH:9]1)=[CH:4][C:2]2=[O:1]
tp_636,CCSc1nc2ccccc2c(O)c1C(=O)OC,CCSc1[nH]c2ccccc2c(=O)c1C(=O)OC,2.0,-2.728493121733876,636,[CH3:6][CH2:3][S:1][c:2]1[n:4][c:7]2[cH:11][cH:16][cH:18][cH:15][c:10]2[c:8]([OH:12])[c:5]1[C:9]([O:14][CH3:17])=[O:13]>>[CH3:6][CH2:3][S:1][C:2]([NH:4][c:7]1[c:10]2[cH:15][cH:18][cH:16][cH:11]1)=[C:5]([C:9]([O:14][CH3:17])=[O:13])[C:8]2=[O:12]
tp_1512,Cc1cc(O)no1,Cc1cc(=O)[nH]o1,-1.1,1.5006712169536318,1512,[CH3:6][c:3]1[cH:5][c:4]([OH:7])[n:2][o:1]1>>[CH3:6][C:3]([O:1][NH:2]1)=[CH:5][C:4]1=[O:7]
tp_50,O=CCc1ccccc1,O/C=C\c1ccccc1,-3.07,4.1882369418615,50,[O:1]=[CH:2][CH2:3][c:4]1[cH:5][cH:7][cH:9][cH:8][cH:6]1>>[OH:1]/[CH:2]=[CH:3]\[c:4]1[cH:5][cH:7][cH:9][cH:8][cH:6]1
tp_615,Oc1cc(Cl)nc2ccccc12,O=c1cc(Cl)[nH]c2ccccc12,1.2,-1.6370958730403256,615,[OH:9][c:6]1[cH:4][c:2]([Cl:1])[n:3][c:5]2[cH:8][cH:11][cH:12][cH:10][c:7]12>>[O:9]=[C:6]1[c:7]([cH:10][cH:12][cH:11][cH:8]2)[c:5]2[NH:3][C:2]([Cl:1])=[CH:4]1
tp_634,COCc1c(-c2ccccc2)nc2ccccc2c1O,COCc1c(-c2ccccc2)[nH]c2ccccc2c1=O,3.6,-4.911287619120976,634,[CH3:3][O:1][CH2:2][c:4]([c:6](-[c:10]1[cH:13][cH:17][cH:20][cH:18][cH:14]1)[n:9][c:11]1[cH:15][cH:19][cH:16][cH:12][c:8]11)[c:5]1[OH:7]>>[CH3:3][O:1][CH2:2][C:4]1=[C:6]([c:10]2[cH:13][cH:17][cH:20][cH:18][cH:14]2)[NH:9][c:11]([cH:15][cH:19][cH:16][cH:12]2)[c:8]2[C:5]1=[O:7]
tp_78,CC1C(=O)NC(=O)NC1=O,Cc1c(O)[nH]c(=O)[nH]c1=O,-1.2,1.6370958730403256,78,[CH3:10][CH:8]([C:6]([NH:4][C:2]([NH:3]1)=[O:1])=[O:9])[C:5]1=[O:7]>>[CH3:10][C:8]([C:6]([NH:4][C:2]([NH:3]1)=[O:1])=[O:9])=[C:5]1[OH:7]
tp_83,O=C1NC(=O)C(Br)C(=O)N1,O=c1[nH]c(O)c(Br)c(=O)[nH]1,-0.21,0.2864917777820569,83,[O:7]=[C:4]([CH:2]([C:3]([NH:6]1)=[O:5])[Br:1])[NH:8][C:9]1=[O:10]>>[OH:5][C:3]([NH:6][C:9]([NH:8][C:4]1=[O:7])=[O:10])=[C:2]1[Br:1]
tp_1519,CC1=NOC(=O)C1,Cc1cc(O)on1,-1.2,1.6370958730403256,1519,[CH3:7][C:6]([CH2:4]1)=[N:5][O:3][C:2]1=[O:1]>>[CH3:7][c:6]1[n:5][o:3][c:2]([OH:1])[cH:4]1
tp_1186,CS(=O)(=O)Nc1ccccn1,CS(=O)(=O)/N=c1\cccc[nH]1,0.8,-1.0913972486935504,1186,[CH3:5][S:1]([NH:4][c:6]1[n:7][cH:9][cH:11][cH:10][cH:8]1)(=[O:3])=[O:2]>>[CH3:5][S:1](/[N:4]=[C:6]1/[NH:7][CH:9]=[CH:11][CH:10]=[CH:8]1)(=[O:3])=[O:2]
tp_954,c1ccc(-c2cnc[nH]2)cc1,c1ccc(-c2c[nH]cn2)cc1,1.3,-1.7735205291270195,954,[cH:3]1[c:5](-[c:6]2[cH:7][cH:9][cH:11][cH:10][cH:8]2)[nH:4][cH:2][n:1]1>>[cH:3]1[c:5](-[c:6]2[cH:7][cH:9][cH:11][cH:10][cH:8]2)[n:4][cH:2][nH:1]1
tp_1266,O=C(Nc1nccs1)C(F)(F)F,O=C(/N=c1/[nH]ccs1)C(F)(F)F,1.3,-1.7735205291270195,1266,[O:8]=[C:7]([C:9]([F:12])([F:11])[F:10])[NH:5][c:2]1[n:4][cH:6][cH:3][s:1]1>>[O:8]=[C:7]([C:9]([F:12])([F:11])[F:10])/[N:5]=[C:2]1\[S:1][CH:3]=[CH:6][NH:4]1
tp_331,O=C1Cc2ccccc2C(=O)N1,O=C1N=C(O)Cc2ccccc21,-1.6,2.1827944973871007,331,[O:8]=[C:5]([CH2:9][c:6]1[c:4]2[cH:7][cH:11][cH:12][cH:10]1)[NH:3][C:2]2=[O:1]>>[OH:8][C:5]([CH2:9][c:6]1[c:4]2[cH:7][cH:11][cH:12][cH:10]1)=[N:3][C:2]2=[O:1]
tp_1182,c1ccc(Nc2ccccn2)cc1,c1ccc(/N=c2\cccc[nH]2)cc1,-4.6,6.275534179987914,1182,[cH:13]([cH:12][cH:10]1)[cH:11][cH:9][c:7]1[NH:4][c:2]1[n:1][cH:3][cH:6][cH:8][cH:5]1>>[cH:13]([cH:12][cH:10]1)[cH:11][cH:9][c:7]1/[N:4]=[C:2]1/[NH:1][CH:3]=[CH:6][CH:8]=[CH:5]1
tp_158,O=C1CC=Cc2ccccc21,Oc1cccc2ccccc12,7.14,-9.740720444589936,158,[O:1]=[C:2]1[c:3]([cH:6][cH:10][cH:11][cH:9]2)[c:5]2[CH:8]=[CH:7][CH2:4]1>>[OH:1][c:2]1[cH:4][cH:7][cH:8][c:5]2[cH:9][cH:11][cH:10][cH:6][c:3]12
tp_1613,O=c1cnnc[nH]1,O=c1cn[nH]cn1,2.0,-2.728493121733876,1613,[O:1]=[C:2]1[NH:3][CH:5]=[N:7][N:6]=[CH:4]1>>[O:1]=[C:2]1[N:3]=[CH:5][NH:7][N:6]=[CH:4]1
tp_107,O=C1CCCCC1,OC1=CCCCC1,-6.69,9.126809492199817,107,[O:1]=[C:2]1[CH2:3][CH2:5][CH2:7][CH2:6][CH2:4]1>>[OH:1][C:2]1=[CH:4][CH2:6][CH2:7][CH2:5][CH2:3]1
tp_1249,CC(=N)NC(C)=O,CC(=O)/N=C(/C)N,2.8,-3.8198903704274265,1249,[CH3:7][C:5]([NH:3][C:2]([CH3:4])=[O:1])=[NH:6]>>[CH3:7]/[C:5](/[NH2:6])=[N:3]/[C:2]([CH3:4])=[O:1]
tp_126,O=C(Cc1ccnc2ccccc12)c1ccccc1,O/C(=C\c1ccnc2ccccc12)c1ccccc1,-4.2,5.72983555564114,126,[O:1]=[C:2]([CH2:4][c:7]1[cH:11][cH:15][n:16][c:13]2[cH:17][cH:19][cH:18][cH:14][c:10]12)[c:3]1[cH:5][cH:8][cH:12][cH:9][cH:6]1>>[OH:1]/[C:2](/[c:3]1[cH:5][cH:8][cH:12][cH:9][cH:6]1)=[CH:4]\[c:7]1[cH:11][cH:15][n:16][c:13]2[cH:17][cH:19][cH:18][cH:14][c:10]12
tp_1674,O=C1CNC=N1,Oc1c[nH]cn1,-3.0,4.092739682600814,1674,[O:1]=[C:2]1[N:3]=[CH:5][NH:6][CH2:4]1>>[OH:1][c:2]1[cH:4][nH:6][cH:5][n:3]1
tp_156,O=C1C=CC=CC1,Oc1ccccc1,13.0,-17.735205291270194,156,[O:1]=[C:2]1[CH:3]=[CH:5][CH:7]=[CH:6][CH2:4]1>>[OH:1][c:2]1[cH:3][cH:5][cH:7][cH:6][cH:4]1
tp_987,Oc1cccc(O)n1,O=c1cccc(O)[nH]1,1.3,-1.7735205291270195,987,[OH:7][c:5]1[cH:8][cH:6][cH:4][c:2]([OH:1])[n:3]1>>[OH:7][C:5]([NH:3]1)=[CH:8][CH:6]=[CH:4][C:2]1=[O:1]
tp_1615,Oc1ccncn1,O=c1cc[nH]cn1,3.1,-4.229164338687508,1615,[OH:1][c:2]1[n:3][cH:5][n:7][cH:6][cH:4]1>>[O:1]=[C:2]1[N:3]=[CH:5][NH:7][CH:6]=[CH:4]1
tp_1003,Oc1cccnn1,O=c1cccn[nH]1,5.1,-6.957657460421383,1003,[OH:1][c:2]1[n:3][n:5][cH:7][cH:6][cH:4]1>>[O:1]=[C:2]1[NH:3][N:5]=[CH:7][CH:6]=[CH:4]1
tp_119,O=C(Cc1cccnc1)c1ccccc1,O/C(=C\c1cccnc1)c1ccccc1,-4.87,6.643880751421988,119,[O:1]=[C:2]([CH2:4][c:7]1[cH:10][n:13][cH:15][cH:14][cH:11]1)[c:3]1[cH:5][cH:8][cH:12][cH:9][cH:6]1>>[OH:1]/[C:2](/[c:3]1[cH:5][cH:8][cH:12][cH:9][cH:6]1)=[CH:4]\[c:7]1[cH:10][n:13][cH:15][cH:14][cH:11]1
tp_1511,Oc1ccon1,O=c1cco[nH]1,-2.0,2.728493121733876,1511,[OH:6][c:4]1[n:2][o:1][cH:3][cH:5]1>>[O:6]=[C:4]1[NH:2][O:1][CH:3]=[CH:5]1
tp_1528,O=C1CCC(O)=NN1,O=C1CCC(=O)NN1,4.5,-6.1391095239012206,1528,[OH:8][C:7]([CH2:6][CH2:4]1)=[N:5][NH:3][C:2]1=[O:1]>>[O:1]=[C:2]([CH2:4][CH2:6]1)[NH:3][NH:5][C:7]1=[O:8]
tp_1117,Sc1cnccn1,S=c1cncc[nH]1,1.1,-1.5006712169536318,1117,[SH:1][c:2]1[n:3][cH:5][cH:7][n:6][cH:4]1>>[S:1]=[C:2]1[NH:3][CH:5]=[CH:7][N:6]=[CH:4]1
tp_117,O=C(Cc1ccccc1)c1cnccn1,O/C(=C\c1ccccc1)c1cnccn1,-2.9,3.95631502651412,117,[O:1]=[C:2]([CH2:4][c:7]1[cH:10][cH:13][cH:15][cH:14][cH:11]1)[c:3]1[n:5][cH:8][cH:12][n:9][cH:6]1>>[OH:1]/[C:2](/[c:3]1[n:5][cH:8][cH:12][n:9][cH:6]1)=[CH:4]\[c:7]1[cH:10][cH:13][cH:15][cH:14][cH:11]1
tp_1282,O=C(Nc1nncs1)C(Cl)(Cl)Cl,O=C(/N=c1/[nH]ncs1)C(Cl)(Cl)Cl,1.6,-2.1827944973871007,1282,[O:6]=[C:5]([C:2]([Cl:4])([Cl:3])[Cl:1])[NH:7][c:8]1[n:10][n:12][cH:11][s:9]1>>[O:6]=[C:5]([C:2]([Cl:4])([Cl:3])[Cl:1])/[N:7]=[C:8]1\[S:9][CH:11]=[N:12][NH:10]1
tp_563,CC(=O)c1cnccc1O,CC(=O)c1c[nH]ccc1=O,3.6,-4.911287619120976,563,[CH3:4][C:2]([c:3]([cH:6][n:9][cH:10][cH:8]1)[c:5]1[OH:7])=[O:1]>>[CH3:4][C:2]([C:3]1=[CH:6][NH:9][CH:10]=[CH:8][C:5]1=[O:7])=[O:1]
tp_1669,NC1=NC(=O)CO1,Nc1nc(O)co1,-7.0,9.549725926068566,1669,[NH2:7][C:5]([O:6][CH2:4]1)=[N:3][C:2]1=[O:1]>>[NH2:7][c:5]1[n:3][c:2]([OH:1])[cH:4][o:6]1
tp_1118,Sc1cnc2ccccc2n1,S=c1cnc2ccccc2[nH]1,1.4,-1.9099451852137133,1118,[SH:1][c:2]1[n:3][c:5]2[cH:8][cH:10][cH:11][cH:9][c:7]2[n:6][cH:4]1>>[S:1]=[C:2]1[NH:3][c:5]([cH:8][cH:10][cH:11][cH:9]2)[c:7]2[N:6]=[CH:4]1
tp_1354,Cc1nccc(=O)[nH]1,Cc1nc(=O)cc[nH]1,0.05,-0.0682123280433468,1354,[CH3:8][C:5]([NH:3]1)=[N:7][CH:6]=[CH:4][C:2]1=[O:1]>>[CH3:8][C:5]([NH:7][CH:6]=[CH:4]1)=[N:3][C:2]1=[O:1]
tp_1668,NC1=NC(=O)CS1,Nc1nc(O)cs1,-4.0,5.456986243467751,1668,[NH2:5][C:2]([S:1][CH2:3]1)=[N:4][C:6]1=[O:7]>>[NH2:5][c:2]1[n:4][c:6]([OH:7])[cH:3][s:1]1
tp_511,O=C(Cc1ccc2ccccc2n1)c1ccccc1,O/C(=C\c1ccc2ccccc2n1)c1ccccc1,-1.3,1.7735205291270195,511,[O:1]=[C:2]([CH2:4][c:7]1[n:10][c:13]2[cH:16][cH:18][cH:19][cH:17][c:15]2[cH:14][cH:11]1)[c:3]1[cH:5][cH:8][cH:12][cH:9][cH:6]1>>[OH:1]/[C:2](/[c:3]1[cH:5][cH:8][cH:12][cH:9][cH:6]1)=[CH:4]\[c:7]1[n:10][c:13]2[cH:16][cH:18][cH:19][cH:17][c:15]2[cH:14][cH:11]1
tp_567,CC(=O)Nc1cnccc1O,CC(=O)Nc1c[nH]ccc1=O,3.8,-5.184136931294364,567,[CH3:4][C:2]([NH:3][c:5]([cH:7][n:10][cH:11][cH:9]1)[c:6]1[OH:8])=[O:1]>>[CH3:4][C:2]([NH:3][C:5]1=[CH:7][NH:10][CH:11]=[CH:9][C:6]1=[O:8])=[O:1]
tp_579,Oc1ccncc1Oc1ccccc1,O=c1cc[nH]cc1Oc1ccccc1,3.8,-5.184136931294364,579,[OH:8][c:4]([cH:9][cH:13][n:10][cH:5]1)[c:2]1[O:1][c:3]1[cH:6][cH:11][cH:14][cH:12][cH:7]1>>[O:8]=[C:4]1[C:2]([O:1][c:3]2[cH:6][cH:11][cH:14][cH:12][cH:7]2)=[CH:5][NH:10][CH:13]=[CH:9]1
tp_631,Oc1cnnc2ccccc12,O=c1cn[nH]c2ccccc12,4.1,-5.593410899554446,631,[OH:1][c:2]1[cH:4][n:7][n:8][c:5]2[cH:9][cH:11][cH:10][cH:6][c:3]12>>[O:1]=[C:2]1[c:3]([cH:6][cH:10][cH:11][cH:9]2)[c:5]2[NH:8][N:7]=[CH:4]1
tp_1109,Sc1ccccn1,S=c1cccc[nH]1,4.6,-6.275534179987914,1109,[SH:1][c:2]1[n:3][cH:5][cH:7][cH:6][cH:4]1>>[S:1]=[C:2]1[NH:3][CH:5]=[CH:7][CH:6]=[CH:4]1
tp_1346,Cc1ncc(C#N)c(O)n1,Cc1ncc(C#N)c(=O)[nH]1,1.18,-1.609810941822987,1346,[CH3:9][c:5]([n:3][c:2]1[OH:1])[n:8][cH:7][c:4]1[C:6]#[N:10]>>[CH3:9][C:5]([NH:3][C:2]1=[O:1])=[N:8][CH:7]=[C:4]1[C:6]#[N:10]
tp_607,COc1cc(O)c2ccccc2n1,COc1cc(=O)c2ccccc2[nH]1,2.1,-2.86491777782057,607,[CH3:3][O:1][c:2]1[n:4][c:6]2[cH:9][cH:12][cH:13][cH:11][c:8]2[c:7]([OH:10])[cH:5]1>>[CH3:3][O:1][C:2]([NH:4][c:6]1[c:8]2[cH:11][cH:13][cH:12][cH:9]1)=[CH:5][C:7]2=[O:10]
tp_1429,CSC1=NC2(CCCCC2)C(=S)N1,CSC1=NC(=S)C2(CCCCC2)N1,0.8,-1.0913972486935504,1429,[CH3:12][S:9][C:5]([NH:3]1)=[N:6][C:4]2([CH2:7][CH2:10][CH2:13][CH2:11][CH2:8]2)[C:2]1=[S:1]>>[CH3:12][S:9][C:5]([NH:6][C:4]12[CH2:7][CH2:10][CH2:13][CH2:11][CH2:8]2)=[N:3][C:2]1=[S:1]
tp_1424,Nc1cn[nH]c(=O)n1,N=c1cn[nH]c(=O)[nH]1,-2.0,2.728493121733876,1424,[NH2:7][C:5]([CH:8]=[N:6][NH:4]1)=[N:3][C:2]1=[O:1]>>[NH:7]=[C:5]([CH:8]=[N:6][NH:4]1)[NH:3][C:2]1=[O:1]
tp_1488,Nc1nc2ccccc2c(=O)[nH]1,Nc1nc(=O)c2ccccc2[nH]1,-0.9,1.227821904780244,1488,[NH2:9][C:5]([NH:3]1)=[N:8][c:6]([cH:10][cH:12][cH:11][cH:7]2)[c:4]2[C:2]1=[O:1]>>[NH2:9][C:5]([NH:8][c:6]1[c:4]2[cH:7][cH:11][cH:12][cH:10]1)=[N:3][C:2]2=[O:1]
tp_512,O=C(Cc1ccc2ccccc2n1)c1ccccc1,O=C(/C=C1\C=Cc2ccccc2N1)c1ccccc1,1.09,-1.4870287513449625,512,[O:1]=[C:2]([CH2:4][c:7]1[n:10][c:13]2[cH:16][cH:18][cH:19][cH:17][c:15]2[cH:14][cH:11]1)[c:3]1[cH:5][cH:8][cH:12][cH:9][cH:6]1>>[O:1]=[C:2](/[CH:4]=[C:7]1/[NH:10][c:13]([cH:16][cH:18][cH:19][cH:17]2)[c:15]2[CH:14]=[CH:11]1)[c:3]1[cH:5][cH:8][cH:12][cH:9][cH:6]1
tp_1355,COc1cnc(C)[nH]c1=O,COc1c[nH]c(C)nc1=O,-0.07,0.0954972592606856,1355,[CH3:9][C:5]([NH:3][C:2]1=[O:1])=[N:8][CH:7]=[C:4]1[O:6][CH3:10]>>[CH3:9][C:5]([NH:8][CH:7]=[C:4]1[O:6][CH3:10])=[N:3][C:2]1=[O:1]
tp_1595,CC1OC(c2ccccc2)=NC1=O,Cc1oc(-c2ccccc2)nc1O,-2.4,3.274191746080651,1595,[CH3:7][CH:4]1[O:6][C:5]([c:8]2[cH:9][cH:11][cH:13][cH:12][cH:10]2)=[N:3][C:2]1=[O:1]>>[CH3:7][c:4]([o:6][c:5](-[c:8]1[cH:9][cH:11][cH:13][cH:12][cH:10]1)[n:3]1)[c:2]1[OH:1]
tp_867,Oc1ccccc1/N=N/c1ccccc1,O=C1C=CC=C/C1=N/Nc1ccccc1,-1.1,1.5006712169536318,867,[OH:1][c:2]([cH:4][cH:7][cH:9][cH:6]1)[c:3]1/[N:5]=[N:8]/[c:10]1[cH:11][cH:13][cH:15][cH:14][cH:12]1>>[O:1]=[C:2]([CH:4]=[CH:7][CH:9]=[CH:6]1)/[C:3]1=[N:5]\[NH:8][c:10]1[cH:11][cH:13][cH:15][cH:14][cH:12]1
tp_1568,CC(=O)C1CCCC1=O,CC(=O)C1=C(O)CCC1,-1.5,2.046369841300407,1568,[CH3:9][C:5]([CH:3]([CH2:6][CH2:7][CH2:4]1)[C:2]1=[O:1])=[O:8]>>[CH3:9][C:5]([C:3]([CH2:6][CH2:7][CH2:4]1)=[C:2]1[OH:1])=[O:8]
tp_865,C/N=C(\C)c1ccccc1O,CN/C(C)=C1/C=CC=CC1=O,0.6,-0.8185479365201628,865,[CH3:9]/[C:5](/[c:3]([cH:6][cH:10][cH:7][cH:4]1)[c:2]1[OH:1])=[N:8]\[CH3:11]>>[CH3:9]/[C:5](/[NH:8][CH3:11])=[C:3](\[CH:6]=[CH:10][CH:7]=[CH:4]1)/[C:2]1=[O:1]
tp_1587,Oc1[nH]nc2ccccc12,O=C1NN=C2C=CC=CC12,4.3,-5.866260211727833,1587,[OH:1][c:2]1[c:4]([cH:7][cH:9][cH:10][cH:8]2)[c:6]2[n:5][nH:3]1>>[O:1]=[C:2]1[NH:3][N:5]=[C:6]2[CH:8]=[CH:10][CH:9]=[CH:7][CH:4]12
tp_608,COc1cnc2ccccc2c1O,COc1c[nH]c2ccccc2c1=O,4.9,-6.684808148247997,608,[CH3:3][O:1][c:2]([cH:5][n:8][c:9]1[cH:11][cH:13][cH:12][cH:10][c:7]11)[c:4]1[OH:6]>>[CH3:3][O:1][C:2]1=[CH:5][NH:8][c:9]([cH:11][cH:13][cH:12][cH:10]2)[c:7]2[C:4]1=[O:6]
tp_953,Clc1cnc[nH]1,Clc1c[nH]cn1,1.65,-2.2510068254304474,953,[Cl:1][c:2]1[cH:4][n:6][cH:5][nH:3]1>>[Cl:1][c:2]1[cH:4][nH:6][cH:5][n:3]1
tp_1379,O=c1c2ccccc2nc2[nH]ncn12,O=c1c2ccccc2[nH]c2nncn12,0.8,-1.0913972486935504,1379,[O:1]=[C:2]1[N:3]([CH:6]=[N:11][NH:10]2)[C:5]2=[N:9][c:7]2[c:4]1[cH:8][cH:13][cH:14][cH:12]2>>[O:1]=[C:2]([c:4]([cH:8][cH:13][cH:14][cH:12]1)[c:7]1[NH:9]1)[n:3]2[c:5]1[n:10][n:11][cH:6]2
tp_1184,O=C(Nc1ccccn1)C(Cl)Cl,O=C(/N=c1\cccc[nH]1)C(Cl)Cl,-1.9,2.592068465647182,1184,[O:5]=[C:4]([CH:2]([Cl:3])[Cl:1])[NH:6][c:7]1[n:8][cH:10][cH:12][cH:11][cH:9]1>>[O:5]=[C:4]([CH:2]([Cl:3])[Cl:1])/[N:6]=[C:7]1/[NH:8][CH:10]=[CH:12][CH:11]=[CH:9]1
tp_561,Oc1ccncc1-c1ccccc1,O=c1cc[nH]cc1-c1ccccc1,3.9,-5.320561587381058,561,[OH:1][c:2]([cH:4][cH:7][n:10][cH:6]1)[c:3]1-[c:5]1[cH:8][cH:11][cH:13][cH:12][cH:9]1>>[O:1]=[C:2]1[C:3]([c:5]2[cH:8][cH:11][cH:13][cH:12][cH:9]2)=[CH:6][NH:10][CH:7]=[CH:4]1
tp_1451,Nc1ccncn1,N=c1cc[nH]cn1,-6.5,8.867602645635097,1451,[NH2:4][c:2]1[n:1][cH:3][n:6][cH:7][cH:5]1>>[NH:4]=[C:2]1[N:1]=[CH:3][NH:6][CH:7]=[CH:5]1
tp_1231,Cn1c(N)nc2c3ccccc3ccc21,Cn1c(=N)[nH]c2c3ccccc3ccc21,-2.8,3.8198903704274265,1231,[CH3:8][n:4]1[c:2]([NH2:5])[n:1][c:3]2[c:7]1[cH:11][cH:12][c:9]1[cH:13][cH:15][cH:14][cH:10][c:6]12>>[CH3:8][N:4]([c:7]([cH:11][cH:12][c:9]1[cH:13][cH:15][cH:14][cH:10][c:6]11)[c:3]1[NH:1]1)[C:2]1=[NH:5]
tp_991,Oc1ncc(Cl)cc1Cl,O=c1[nH]cc(Cl)cc1Cl,2.1,-2.86491777782057,991,[OH:5][c:3]([n:6][cH:8][c:7]([Cl:9])[cH:4]1)[c:2]1[Cl:1]>>[O:5]=[C:3]([C:2]([Cl:1])=[CH:4]1)[NH:6][CH:8]=[C:7]1[Cl:9]
tp_1524,OC1=NOCC1,O=C1CCON1,2.1,-2.86491777782057,1524,[OH:6][C:4]1=[N:2][O:1][CH2:3][CH2:5]1>>[O:6]=[C:4]1[NH:2][O:1][CH2:3][CH2:5]1
tp_1120,Sc1nncc2ccccc12,S=c1[nH]ncc2ccccc12,6.8,-9.276876613895178,1120,[SH:1][c:2]1[n:3][n:5][cH:8][c:6]2[cH:9][cH:11][cH:10][cH:7][c:4]12>>[S:1]=[C:2]1[NH:3][N:5]=[CH:8][c:6]2[c:4]1[cH:7][cH:10][cH:11][cH:9]2
tp_1665,Nc1nc(O)cs1,N=C1NC(=O)CS1,1.5,-2.046369841300407,1665,[NH2:5][c:2]1[n:4][c:6]([OH:7])[cH:3][s:1]1>>[NH:5]=[C:2]([NH:4]1)[S:1][CH2:3][C:6]1=[O:7]
tp_1491,O=c1nc2[nH]ccn2c2ccccc12,O=c1[nH]c2nccn2c2ccccc12,-0.7,0.9549725926068566,1491,[O:1]=[C:2]1[N:3]=[C:5]([NH:9][CH:13]=[CH:12]2)[N:8]2[c:6]2[c:4]1[cH:7][cH:11][cH:14][cH:10]2>>[O:1]=[C:2]1[NH:3][c:5]2[n:9][cH:13][cH:12][n:8]2-[c:6]2[c:4]1[cH:7][cH:11][cH:14][cH:10]2
tp_57,O=C1Cc2ccccc2C1,OC1=Cc2ccccc2C1,-3.84,5.238706793729041,57,[O:1]=[C:2]([CH2:4]1)[CH2:3][c:5]2[c:6]1[cH:8][cH:10][cH:9][cH:7]2>>[OH:1][C:2]([CH2:4]1)=[CH:3][c:5]2[c:6]1[cH:8][cH:10][cH:9][cH:7]2
tp_116,O=C(Cc1ccccc1)c1ccccn1,O/C(=C\c1ccccc1)c1ccccn1,-3.35,4.570225978904242,116,[O:1]=[C:2]([CH2:4][c:7]1[cH:10][cH:13][cH:15][cH:14][cH:11]1)[c:3]1[n:5][cH:8][cH:12][cH:9][cH:6]1>>[OH:1]/[C:2](/[c:3]1[n:5][cH:8][cH:12][cH:9][cH:6]1)=[CH:4]\[c:7]1[cH:10][cH:13][cH:15][cH:14][cH:11]1
tp_1237,Nc1nnc(-c2ccccc2)s1,N=c1[nH]nc(-c2ccccc2)s1,-5.5,7.50335608476816,1237,[NH2:5][c:2]1[n:4][n:6][c:3](-[c:7]2[cH:8][cH:10][cH:12][cH:11][cH:9]2)[s:1]1>>[NH:5]=[C:2]1[S:1][C:3]([c:7]2[cH:8][cH:10][cH:12][cH:11][cH:9]2)=[N:6][NH:4]1
tp_1656,c1cn2cn[nH]c2n1,c1cn2cnnc2[nH]1,2.8,-3.8198903704274265,1656,[cH:7]1[cH:8][n:6][c:4]2[n:5]1[cH:3][n:1][nH:2]2>>[cH:8]([nH:6]1)[cH:7][n:5]2[c:4]1[n:2][n:1][cH:3]2
tp_1485,Nc1ncno1,N=c1[nH]cno1,-7.4,10.09542455041534,1485,[NH2:6][c:3]1[n:5][cH:4][n:2][o:1]1>>[NH:6]=[C:3]1[O:1][N:2]=[CH:4][NH:5]1
tp_1596,O=C1CNC(c2ccccc2)=N1,Oc1c[nH]c(-c2ccccc2)n1,-2.0,2.728493121733876,1596,[O:1]=[C:2]1[N:3]=[C:5]([c:7]2[cH:8][cH:10][cH:12][cH:11][cH:9]2)[NH:6][CH2:4]1>>[OH:1][c:2]1[cH:4][nH:6][c:5](-[c:7]2[cH:8][cH:10][cH:12][cH:11][cH:9]2)[n:3]1
tp_1064,Cc1cc(O)n(C)n1,Cc1cc(=O)n(C)[nH]1,1.7,-2.3192191534737945,1064,[CH3:8][c:7]1[n:5][n:3]([CH3:6])[c:2]([OH:1])[cH:4]1>>[CH3:8][C:7]([NH:5][N:3]1[CH3:6])=[CH:4][C:2]1=[O:1]
tp_84,CC1(C)CC(=O)CC(=O)C1,CC1(C)CC(=O)C=C(O)C1,1.3,-1.7735205291270195,84,[CH3:10][C:6]([CH3:9])([CH2:8][C:5]([CH2:3]1)=[O:7])[CH2:4][C:2]1=[O:1]>>[CH3:9][C:6]([CH3:10])([CH2:8]1)[CH2:4][C:2]([OH:1])=[CH:3][C:5]1=[O:7]
tp_1262,O=C(Nc1ccccc1)C(Cl)Cl,O=C(/N=C1\C=CC=CC1)C(Cl)Cl,-1.9,2.592068465647182,1262,[O:5]=[C:4]([CH:2]([Cl:3])[Cl:1])[NH:6][c:7]1[cH:8][cH:10][cH:12][cH:11][cH:9]1>>[O:5]=[C:4]([CH:2]([Cl:3])[Cl:1])/[N:6]=[C:7]1\[CH:9]=[CH:11][CH:12]=[CH:10][CH2:8]1
tp_1509,Cn1ccc(O)n1,Cn1ccc(=O)[nH]1,-0.5,0.6821232804334689,1509,[CH3:7][n:5]([cH:6][cH:4]1)[n:3][c:2]1[OH:1]>>[CH3:7][N:5]([CH:6]=[CH:4]1)[NH:3][C:2]1=[O:1]
tp_1254,CC(=O)NC1=NCCN1C,CC(=O)/N=C1\NCCN1C,2.7,-3.6834657143407328,1254,[CH3:4][C:2]([NH:3][C:5]1=[N:6][CH2:8][CH2:9][N:7]1[CH3:10])=[O:1]>>[CH3:4][C:2](/[N:3]=[C:5]1/[N:7]([CH3:10])[CH2:9][CH2:8][NH:6]1)=[O:1]
tp_837,Sc1ccnc2ccccc12,S=c1cc[nH]c2ccccc12,5.0,-6.82123280433469,837,[SH:1][c:2]1[cH:4][cH:7][n:8][c:5]2[cH:9][cH:11][cH:10][cH:6][c:3]12>>[S:1]=[C:2]1[c:3]([cH:6][cH:10][cH:11][cH:9]2)[c:5]2[NH:8][CH:7]=[CH:4]1
tp_586,COS(=O)c1cnccc1O,COS(=O)c1c[nH]ccc1=O,3.5,-4.774862963034283,586,[CH3:5][O:3][S:1]([c:4]([cH:7][n:10][cH:11][cH:9]1)[c:6]1[OH:8])=[O:2]>>[CH3:5][O:3][S:1]([C:4]1=[CH:7][NH:10][CH:11]=[CH:9][C:6]1=[O:8])=[O:2]
tp_617,Oc1cc(Br)nc2ccccc12,O=c1cc(Br)[nH]c2ccccc12,1.1,-1.5006712169536318,617,[OH:9][c:6]1[cH:4][c:2]([Br:1])[n:3][c:5]2[cH:8][cH:11][cH:12][cH:10][c:7]12>>[O:9]=[C:6]1[c:7]([cH:10][cH:12][cH:11][cH:8]2)[c:5]2[NH:3][C:2]([Br:1])=[CH:4]1
tp_58,O=C1CCc2ccccc21,OC1=CCc2ccccc21,-7.48,10.204564275284696,58,[O:1]=[C:2]([CH2:4][CH2:7]1)[c:3]2[c:5]1[cH:8][cH:10][cH:9][cH:6]2>>[OH:1][C:2]1=[CH:4][CH2:7][c:5]2[c:3]1[cH:6][cH:9][cH:10][cH:8]2
tp_1232,c1ccc(Nc2nnco2)cc1,c1ccc(/N=c2/[nH]nco2)cc1,-4.0,5.456986243467751,1232,[cH:3]1[n:6][n:4][c:2]([NH:5][c:7]2[cH:8][cH:10][cH:12][cH:11][cH:9]2)[o:1]1>>[CH:3]([O:1]1)=[N:6][NH:4]/[C:2]1=[N:5]/[c:7]1[cH:8][cH:10][cH:12][cH:11][cH:9]1
tp_104,CC(C)=O,C=C(C)O,-8.63,11.773447820281676,104,[CH3:4][C:2]([CH3:3])=[O:1]>>[CH3:4][C:2]([OH:1])=[CH2:3]
tp_1230,Cn1c(N)nc2cc3ccccc3cc21,Cn1c(=N)[nH]c2cc3ccccc3cc21,-2.2,3.001342433907264,1230,[CH3:8][n:4]1[c:2]([NH2:5])[n:1][c:3]2[cH:7][c:10]3[cH:12][cH:14][cH:15][cH:13][c:11]3[cH:9][c:6]12>>[CH3:8][N:4]([c:6]1[cH:9][c:11]2[cH:13][cH:15][cH:14][cH:12][c:10]2[cH:7][c:3]1[NH:1]1)[C:2]1=[NH:5]
tp_553,Oc1ccnc(Cl)c1,O=c1cc[nH]c(Cl)c1,0.2,-0.2728493121733876,553,[OH:8][c:6]1[cH:4][c:2]([Cl:1])[n:3][cH:5][cH:7]1>>[O:8]=[C:6]([CH:7]=[CH:5][NH:3]1)[CH:4]=[C:2]1[Cl:1]
tp_1152,Sc1ccc(S)nn1,S=c1ccc(S)n[nH]1,4.1,-5.593410899554446,1152,[SH:8][c:7]([cH:6][cH:4]1)[n:5][n:3][c:2]1[SH:1]>>[SH:1][C:2]([CH:4]=[CH:6]1)=[N:3][NH:5][C:7]1=[S:8]
tp_1191,Nc1nc2ccccc2c2ccccc12,N=c1[nH]c2ccccc2c2ccccc12,-3.1,4.229164338687508,1191,[NH2:4][c:2]1[n:1][c:3]2[cH:7][cH:11][cH:14][cH:10][c:6]2[c:8]2[cH:12][cH:15][cH:13][cH:9][c:5]12>>[NH:4]=[C:2]1[NH:1][c:3]([cH:7][cH:11][cH:14][cH:10]2)[c:6]2-[c:8]2[c:5]1[cH:9][cH:13][cH:15][cH:12]2
